ID_PROJ,ID_COUNTRY,YEAR,ITERATION,SURVEY_ID,achiote,alfalfa,amaranth,andean lupin,arrow root,asian pear,avocado,ayote,bambara nut,banana,barley,beans,beetroot,betel,broad beans,buna,bush beans,butternut squash,cabbage,cacao,calliandra,carrot,cashew,cassava,chick peas,chilipepper,chilli,chipilin,climbing beans,coconut,coffee,coriander,cotton,cowpea,cowpea leaf,custard apple,dengue,eggplant,eucalyptus,fava bean,field pea,fingermillet,flowers,fodder,fonio,frafra potato,fruits,garlic,geso,granadilla,grapes,grass pea,green gram,green pepper,groundnut,guava,haricot bean,hybiscus,irish potato,kales,koba,leafy greens,lemongrass,lemons,lentils,leucerne,linseed,macadamia,maize,mango,mangosteen,masho,meser,millet,mucuna,mung bean,mustard seed,napier grass,naranjilla,nothing,oats,oilpalm,onions,oranges,other vegetables,palm heart,pamba,papaya,passion fruit,pawpaw,pearl millet,peas,pepper  spice,pigeon pea,pineapple,plantain,pumpkin,quinoa,quinquina,radish,rambutan,rice,root vegetable,rubber,sesame,simsim,sorghum,soya bean,spices,spinach,sugarcane,sunflower,sweet potato,taraw palm,taro,tea,teff,tenebaho,tobacco,tomato,trees,ulluco,vanilla,watermelon,wheat,yam,yute,zucchini
CFM,TZ,2015,1,TZ_CFM_2015,NA,NA,NA,NA,NA,NA,NA,NA,NA,0.569815195,NA,0.770020534,NA,NA,NA,NA,NA,NA,1.026694045,NA,NA,NA,NA,0.308008214,NA,1.283367556,NA,NA,NA,NA,0.89835729,NA,NA,NA,NA,NA,NA,0.770020534,NA,NA,NA,NA,NA,NA,NA,NA,1.283367556,NA,NA,NA,NA,NA,NA,1.283367556,NA,NA,NA,NA,0.320841889,NA,NA,NA,NA,NA,NA,NA,NA,NA,0.641683778,NA,NA,NA,NA,NA,NA,NA,NA,NA,NA,NA,NA,NA,NA,NA,other vegetables 1,NA,NA,NA,NA,NA,NA,NA,1.283367556,NA,NA,0.569815195,NA,NA,NA,NA,NA,NA,NA,NA,NA,NA,0.513347023,NA,NA,NA,0.513347023,NA,0.513347023,NA,0.320841889,NA,NA,NA,NA,1.026694045,NA,NA,NA,NA,NA,NA,NA,NA
S4N,GT,2015,1,GT_S4N_2015,NA,NA,NA,NA,NA,NA,NA,NA,NA,0.712589074,NA,NA,NA,NA,NA,NA,NA,NA,NA,NA,NA,NA,NA,NA,NA,NA,NA,1.781472684,NA,NA,2.672209026,2.672209026,NA,NA,NA,NA,NA,NA,NA,NA,NA,NA,NA,NA,NA,NA,1.603325416,NA,NA,NA,NA,NA,NA,NA,NA,NA,NA,NA,NA,NA,NA,NA,NA,NA,NA,NA,NA,NA,0.534441805,NA,NA,NA,NA,NA,NA,NA,NA,NA,NA,NA,NA,NA,0.890736342,NA,1.283367556,NA,NA,NA,NA,NA,NA,NA,NA,NA,NA,NA,NA,NA,NA,1.603325416,NA,NA,NA,NA,NA,NA,0.712589074,NA,NA,NA,NA,NA,NA,NA,NA,NA,NA,NA,NA,NA,NA,NA,NA,NA,NA,NA,NA,NA
S4N,SV,2015,1,SV_S4N_2015,NA,NA,NA,NA,NA,NA,NA,NA,NA,NA,NA,NA,NA,NA,NA,NA,NA,NA,NA,NA,NA,NA,NA,0.551150766,NA,NA,NA,NA,NA,NA,2.672209026,NA,NA,NA,NA,NA,NA,NA,NA,NA,NA,NA,NA,NA,NA,NA,1.603325416,NA,NA,NA,NA,NA,NA,NA,NA,NA,NA,NA,NA,NA,NA,NA,NA,NA,NA,NA,NA,NA,0.534441805,NA,NA,NA,NA,NA,NA,NA,NA,NA,NA,NA,NA,NA,NA,NA,1.603325416,NA,NA,NA,NA,NA,NA,NA,NA,NA,NA,NA,NA,NA,NA,NA,NA,NA,NA,NA,NA,NA,0.826726149,NA,NA,NA,NA,NA,NA,NA,NA,NA,NA,NA,NA,NA,NA,NA,NA,NA,NA,NA,NA,NA
S4N,HN,2015,1,HN_S4N_2015,NA,NA,NA,NA,NA,NA,NA,NA,NA,NA,NA,NA,NA,NA,NA,NA,NA,NA,NA,NA,NA,NA,NA,0.776760516,NA,NA,NA,NA,NA,NA,0.8,NA,NA,NA,NA,NA,NA,NA,NA,NA,NA,NA,NA,NA,NA,NA,NA,NA,NA,NA,NA,NA,NA,NA,NA,NA,NA,NA,NA,NA,NA,NA,NA,NA,NA,NA,NA,NA,0.604147068,NA,NA,NA,NA,NA,NA,NA,NA,NA,NA,NA,NA,NA,0.686617938,NA,NA,NA,NA,NA,NA,NA,NA,NA,NA,NA,NA,NA,NA,NA,NA,NA,NA,NA,NA,NA,NA,NA,NA,NA,NA,NA,NA,NA,NA,NA,NA,NA,NA,NA,NA,1.2,NA,NA,NA,NA,NA,NA,NA,NA
CW1,ML,2015,1,ML_CW1_2015,NA,NA,NA,NA,NA,NA,NA,NA,NA,NA,NA,NA,NA,NA,NA,NA,NA,NA,NA,NA,NA,NA,NA,NA,NA,0.99,NA,NA,NA,NA,NA,NA,NA,0.44,NA,NA,NA,NA,NA,NA,NA,NA,NA,NA,0.44,NA,NA,NA,NA,NA,NA,NA,NA,NA,0.66,NA,NA,NA,NA,NA,NA,NA,NA,NA,NA,NA,NA,NA,0.332,NA,NA,NA,NA,1.20890033,NA,NA,NA,NA,NA,NA,NA,NA,NA,NA,NA,NA,NA,NA,NA,NA,NA,NA,NA,NA,NA,NA,NA,NA,NA,NA,NA,1.32,NA,NA,1.32,NA,0.44,NA,NA,NA,NA,NA,NA,NA,NA,NA,NA,NA,NA,NA,NA,NA,NA,NA,NA,NA,NA,NA
CW2,BF,2015,1,BF_CW2_2015,NA,NA,NA,NA,NA,NA,NA,NA,NA,NA,NA,NA,NA,NA,NA,NA,NA,NA,NA,NA,NA,NA,NA,1.35337776,NA,0.966698284,NA,NA,NA,NA,NA,NA,NA,0.402790952,NA,NA,NA,NA,NA,NA,NA,NA,NA,NA,0.352442083,NA,NA,NA,NA,NA,NA,NA,NA,NA,0.5639074,NA,NA,NA,NA,NA,NA,NA,NA,NA,NA,NA,NA,NA,0.39473518,NA,NA,NA,NA,1.35337776,NA,NA,NA,NA,NA,NA,NA,NA,NA,NA,NA,NA,NA,NA,NA,NA,NA,NA,NA,NA,NA,NA,NA,NA,NA,NA,NA,0.424058365,NA,NA,1.35337776,NA,1.01503332,NA,NA,NA,NA,NA,NA,NA,NA,NA,NA,NA,NA,NA,NA,NA,NA,NA,NA,1.35337776,NA,NA
CFG,MW,2015,1,MW_CFG_2015,NA,NA,NA,NA,NA,NA,NA,NA,NA,NA,NA,1.5,NA,NA,NA,NA,NA,NA,NA,NA,NA,NA,NA,0.601464205,NA,NA,NA,NA,NA,NA,NA,NA,NA,NA,NA,NA,NA,NA,NA,NA,NA,NA,NA,NA,NA,NA,NA,NA,NA,NA,NA,NA,NA,NA,1.795186529,NA,NA,NA,NA,NA,NA,NA,NA,NA,NA,NA,NA,NA,1.341211474,NA,NA,NA,NA,NA,NA,NA,NA,NA,NA,NA,NA,NA,NA,NA,NA,NA,NA,NA,NA,NA,NA,NA,NA,NA,NA,NA,NA,NA,NA,NA,NA,NA,NA,NA,NA,NA,NA,1.44,NA,NA,NA,NA,0.824865195,NA,NA,NA,NA,NA,5.77,NA,NA,NA,NA,NA,NA,NA,NA,NA
CM1,KE,2016,1,KE_CM1_2016,NA,NA,NA,NA,NA,NA,NA,NA,NA,NA,NA,1.403458872,NA,NA,NA,NA,NA,NA,NA,NA,NA,NA,NA,NA,NA,NA,NA,NA,NA,NA,NA,NA,0.742063292,0.537727023,NA,NA,NA,NA,NA,NA,NA,NA,NA,NA,NA,NA,NA,NA,NA,NA,NA,NA,1.559408368,NA,NA,NA,NA,NA,NA,NA,NA,NA,NA,NA,NA,NA,NA,NA,0.591784237,1.403458872,NA,NA,NA,1.08797256,NA,NA,NA,NA,NA,NA,NA,NA,NA,1.403458872,NA,NA,NA,NA,NA,NA,NA,NA,NA,1.433938729,NA,NA,NA,NA,NA,NA,NA,NA,NA,NA,NA,NA,0.430181619,NA,NA,NA,NA,NA,NA,NA,NA,NA,NA,NA,NA,NA,NA,NA,NA,NA,NA,NA,NA,NA
CM2,KE,2016,1,KE_CM2_2016,NA,NA,NA,NA,NA,NA,0.122909034,NA,NA,0.172983085,NA,1.321272115,NA,NA,NA,NA,NA,NA,0.426767479,NA,NA,NA,NA,0.512120975,NA,NA,NA,NA,NA,NA,1.075454047,NA,NA,0.537727023,NA,NA,NA,NA,NA,NA,NA,NA,NA,NA,NA,NA,1.553433623,NA,NA,NA,NA,NA,0.537727023,NA,1,1.553433623,NA,NA,0.307272585,0.921817755,NA,NA,NA,1.946059704,NA,NA,NA,NA,0.591784237,1.403458872,NA,NA,NA,1.342325977,NA,NA,NA,NA,NA,NA,NA,NA,0.501878555,1.553433623,NA,NA,NA,NA,NA,1.045580323,NA,NA,NA,NA,NA,NA,0.72,NA,NA,NA,NA,NA,NA,NA,NA,NA,0.665757267,1.182999452,NA,NA,0.043018162,NA,0.28027301,NA,NA,1.053944966,NA,NA,NA,1.553433623,NA,NA,NA,1.553433623,NA,NA,NA,NA
SIL,BF,2016,1,BF_SIL_2016,NA,NA,NA,NA,NA,NA,NA,NA,NA,NA,NA,NA,NA,NA,NA,NA,NA,NA,NA,NA,NA,NA,NA,0.858633866,NA,0.347241637,NA,NA,NA,NA,NA,NA,NA,0.677018065,NA,NA,NA,NA,NA,NA,NA,NA,NA,NA,0.19975162900000001,NA,NA,NA,NA,NA,NA,NA,NA,NA,0.429316933,NA,NA,NA,NA,NA,NA,NA,NA,NA,NA,NA,NA,NA,0.330505893,NA,NA,NA,NA,0.908720842,NA,NA,NA,NA,NA,NA,NA,NA,NA,NA,0.512120975,NA,NA,NA,NA,NA,NA,NA,NA,NA,NA,NA,NA,NA,NA,NA,NA,0.339875905,NA,NA,1.066832703,NA,0.500869755,NA,NA,NA,NA,NA,NA,NA,NA,NA,NA,NA,NA,NA,NA,NA,NA,NA,NA,0.858633866,NA,NA
CM3,IN,2016,1,IN_CM3_2016,NA,NA,NA,NA,NA,NA,NA,NA,NA,NA,NA,NA,NA,NA,NA,NA,NA,NA,NA,NA,NA,NA,NA,NA,NA,NA,NA,NA,NA,NA,NA,NA,NA,NA,NA,NA,NA,NA,NA,NA,NA,NA,NA,NA,NA,NA,NA,NA,NA,NA,NA,NA,NA,NA,NA,3.217361486,NA,NA,0.528282812,NA,NA,NA,NA,NA,NA,NA,NA,NA,0.848032935,1.251196133,NA,NA,NA,NA,NA,NA,NA,NA,NA,NA,NA,NA,3.336523023,NA,NA,NA,NA,NA,NA,NA,NA,NA,NA,NA,NA,NA,NA,NA,NA,NA,NA,0.500478453,NA,NA,NA,NA,NA,NA,NA,NA,NA,NA,NA,NA,NA,NA,NA,NA,5.560871704,NA,NA,NA,NA,NA,1.636981608,NA,NA,NA
HAM,KH,2016,1,KH_HAM_2016,NA,NA,NA,NA,NA,NA,NA,NA,NA,NA,NA,0.247165729,NA,NA,NA,NA,NA,NA,NA,NA,NA,NA,0.760665968,0.247165729,NA,NA,NA,NA,NA,NA,NA,NA,NA,NA,NA,NA,NA,NA,NA,NA,NA,NA,NA,NA,NA,NA,0.627549424,NA,NA,NA,NA,NA,NA,NA,NA,NA,NA,NA,NA,NA,NA,NA,0.247165729,NA,NA,NA,NA,NA,NA,NA,NA,NA,NA,NA,NA,NA,NA,NA,NA,NA,NA,NA,NA,0.627549424,0.509746573,NA,NA,NA,NA,NA,NA,NA,NA,NA,NA,NA,NA,NA,NA,NA,NA,0.247165729,NA,0.342299686,0.247165729,NA,NA,0.152133194,NA,NA,0.247165729,NA,NA,NA,NA,NA,NA,NA,NA,NA,NA,NA,NA,NA,NA,NA,NA,NA
HAM,VN,2016,1,VN_HAM_2016,NA,NA,NA,NA,NA,NA,NA,NA,NA,0.818181818,NA,1.136363636,NA,NA,NA,NA,NA,NA,NA,6.62055457,NA,NA,2.758564404,0.165513864,NA,NA,NA,NA,NA,NA,3.696476302,NA,NA,NA,NA,NA,NA,NA,NA,NA,NA,NA,NA,NA,NA,NA,0.367808587,NA,NA,NA,NA,NA,NA,NA,NA,NA,NA,NA,NA,NA,NA,NA,NA,NA,NA,NA,NA,NA,0.331027729,NA,0.454545455,NA,NA,NA,NA,1.136363636,NA,NA,NA,NA,NA,NA,NA,NA,1.064932355,NA,NA,NA,NA,NA,NA,NA,19.03409439,NA,NA,NA,NA,NA,NA,NA,NA,0.331027729,NA,0.562747138,NA,NA,NA,NA,NA,NA,0.077239803,NA,NA,NA,NA,NA,NA,NA,NA,NA,NA,NA,NA,NA,NA,NA,NA,NA
HAM,LA,2016,1,LA_HAM_2016,NA,NA,NA,NA,NA,0.125,NA,NA,NA,0.4,NA,0.666666667,NA,NA,NA,NA,NA,NA,NA,NA,NA,NA,NA,0.030807462,NA,NA,1.861702128,NA,NA,NA,2.75,NA,NA,NA,NA,NA,NA,NA,NA,NA,NA,NA,NA,NA,NA,NA,0.5,NA,NA,NA,NA,NA,NA,NA,NA,NA,NA,NA,NA,NA,NA,NA,NA,NA,NA,NA,NA,NA,0.392559127,NA,NA,NA,NA,NA,NA,NA,NA,NA,NA,NA,NA,NA,NA,NA,2.225241953,NA,NA,NA,NA,NA,NA,NA,NA,NA,NA,NA,NA,NA,NA,NA,NA,0.4125,NA,NA,0.744047619,NA,NA,NA,NA,NA,NA,NA,NA,0.625,NA,9.242238681,NA,NA,NA,NA,NA,NA,NA,NA,NA,NA,NA,NA
SRL,TZ,2016,1,TZ_SRL_2016,NA,NA,NA,NA,NA,NA,NA,NA,1.211089574,0.549158025,NA,NA,NA,NA,NA,NA,NA,NA,NA,NA,NA,NA,2.59477167,0.707040958,NA,NA,NA,NA,NA,1.544506946,NA,NA,NA,1.72984778,NA,NA,NA,NA,NA,NA,NA,NA,NA,NA,NA,NA,NA,NA,NA,NA,NA,NA,1.72984778,NA,1.372895063,NA,NA,NA,0.411901469,NA,NA,NA,NA,NA,NA,NA,NA,NA,0.706060318,NA,NA,NA,NA,NA,1.112045001,NA,NA,NA,NA,NA,NA,NA,0.755152692,0.529545239,0.5,NA,NA,NA,NA,NA,NA,NA,NA,1.235605557,NA,NA,NA,NA,NA,NA,NA,1.252080298,NA,NA,1.853408336,NA,0.411901469,NA,NA,NA,NA,NA,NA,NA,NA,NA,NA,NA,NA,1.098316051,NA,NA,NA,NA,NA,1.500378177,NA,NA
SRL,ET,2016,1,ET_SRL_2016,NA,NA,NA,NA,NA,NA,NA,NA,NA,NA,0.864639743,1.778687472,0.411733211,NA,NA,NA,NA,NA,1.152852991,NA,NA,0.660420071,NA,NA,NA,NA,NA,NA,NA,NA,NA,NA,NA,NA,NA,NA,NA,NA,NA,1.147363215,NA,NA,NA,NA,NA,NA,NA,NA,NA,NA,NA,1.152852991,NA,NA,NA,NA,NA,NA,0.806997094,NA,NA,NA,NA,NA,1.152852991,NA,1.235199633,NA,0.905813065,NA,NA,NA,NA,NA,NA,NA,NA,NA,NA,NA,NA,NA,1.564586202,NA,NA,NA,NA,NA,NA,NA,NA,1.152852991,NA,NA,NA,NA,NA,NA,NA,NA,NA,NA,NA,NA,NA,NA,NA,NA,NA,NA,NA,NA,NA,NA,NA,NA,0.905813065,NA,NA,NA,NA,NA,NA,NA,1.089377454,NA,NA,NA
SRL,KE,2016,1,KE_SRL_2016,NA,NA,NA,NA,NA,NA,NA,NA,NA,NA,NA,1.720726475,NA,NA,NA,NA,NA,NA,NA,NA,NA,NA,NA,0.210701201,NA,NA,NA,NA,NA,NA,NA,NA,0.885668039,0.713166668,NA,NA,NA,NA,NA,NA,NA,NA,NA,NA,NA,NA,NA,NA,NA,NA,NA,NA,1.720726475,NA,NA,NA,NA,NA,NA,NA,NA,NA,NA,NA,NA,NA,NA,NA,0.641731839,0.537727023,NA,NA,NA,NA,NA,NA,NA,NA,NA,NA,NA,NA,NA,NA,NA,NA,NA,NA,NA,NA,NA,NA,NA,1.517926569,NA,NA,NA,NA,NA,NA,NA,NA,NA,NA,NA,NA,0.619501179,NA,NA,NA,NA,NA,NA,NA,NA,NA,NA,NA,NA,0.931129045,NA,NA,NA,NA,NA,NA,NA,NA
GLV,TZ,2017,1,TZ_GLV_2017,NA,NA,NA,NA,NA,NA,NA,NA,NA,1.760737843,NA,0.370681651,NA,NA,NA,NA,NA,NA,NA,0.308901376,NA,NA,NA,0.370681651,NA,NA,NA,NA,NA,0.308901376,0.210052937,NA,1.729847707,0.339791513,NA,NA,0.617802752,NA,NA,NA,NA,NA,NA,NA,NA,NA,NA,NA,NA,NA,NA,NA,2.582415505,NA,0.704295137,NA,NA,NA,0.308901376,NA,NA,NA,NA,NA,NA,NA,NA,NA,0.834033716,NA,NA,NA,NA,1.112044954,NA,NA,NA,NA,NA,NA,NA,NA,3.756240735,0.617802752,NA,NA,0.617802752,NA,NA,NA,NA,NA,NA,0.278011239,NA,0.463352065,NA,NA,NA,NA,NA,3.336134863,NA,NA,NA,0.617802752,1.112044954,NA,NA,NA,NA,0.617802752,NA,NA,NA,NA,NA,NA,1.853408257,0.645603876,NA,NA,NA,0.617802752,NA,NA,NA,NA
FRT,CD,2017,1,CD_FRT_2017,NA,NA,0.407018179,NA,NA,NA,NA,NA,NA,0.22793018,NA,NA,NA,NA,NA,NA,NA,NA,NA,1.709476353,NA,NA,NA,0.244210908,NA,0.655299269,NA,NA,NA,NA,4.125954654,NA,NA,1.77052908,NA,NA,NA,1.139650902,NA,NA,NA,NA,NA,NA,NA,NA,0.683790541,NA,NA,NA,NA,NA,NA,NA,1.465265445,NA,NA,NA,NA,NA,NA,NA,NA,NA,NA,NA,NA,NA,0.625790451,NA,NA,NA,NA,NA,NA,NA,NA,NA,NA,NA,NA,0.584071087,NA,NA,NA,NA,NA,NA,NA,NA,NA,NA,NA,NA,0.683790541,0.381579543,NA,NA,NA,NA,NA,1.139650902,NA,NA,NA,NA,NA,1.77052908,NA,NA,NA,NA,NA,NA,NA,NA,NA,NA,NA,1.139650902,NA,NA,NA,NA,NA,NA,NA,1.139650902
SCN,KE,2017,1,KE_SCN_2017,NA,NA,NA,NA,NA,NA,0.8,NA,NA,0.56431792,NA,1.469787197,NA,NA,NA,NA,NA,NA,NA,NA,NA,NA,NA,0.597414723,NA,NA,NA,NA,NA,NA,4.570679699,NA,NA,0.752817833,0.752817833,NA,NA,NA,NA,NA,NA,NA,NA,NA,NA,NA,NA,NA,NA,NA,NA,NA,1.61318107,NA,NA,NA,NA,NA,NA,0.8,NA,NA,NA,NA,NA,NA,NA,1.290544856,0.597414723,0.286787746,NA,NA,NA,0.597414723,NA,NA,NA,NA,NA,NA,NA,NA,0.8,1.548653828,1.139650902,NA,NA,NA,NA,NA,NA,NA,NA,0.752817833,NA,NA,NA,NA,NA,NA,NA,NA,NA,NA,NA,NA,0.597414723,NA,NA,0.8,0.597414723,NA,NA,NA,NA,NA,NA,NA,NA,0.239008907,NA,NA,NA,NA,NA,NA,NA,NA
SCN,ZM,2017,1,ZM_SCN_2017,NA,NA,NA,NA,NA,NA,NA,NA,NA,NA,NA,NA,NA,NA,NA,NA,NA,NA,NA,NA,NA,NA,NA,0.723043553,NA,NA,NA,NA,NA,NA,NA,NA,0.934394745,1.220433953,NA,NA,NA,NA,NA,NA,NA,NA,NA,NA,NA,NA,NA,NA,NA,NA,NA,NA,NA,NA,0.640727825,NA,NA,NA,NA,NA,NA,NA,NA,NA,NA,NA,NA,NA,0.723043553,NA,NA,NA,NA,NA,NA,NA,NA,NA,NA,NA,NA,NA,NA,NA,NA,NA,NA,NA,NA,NA,NA,NA,NA,NA,NA,NA,NA,NA,NA,NA,NA,NA,NA,NA,NA,NA,NA,1.220433953,NA,NA,NA,0.436050881,0.723043553,NA,NA,NA,NA,NA,3.432470493,NA,NA,NA,NA,NA,NA,NA,NA,NA
CLP,CD,2017,1,CD_CLP_2017,NA,NA,NA,NA,NA,NA,NA,NA,NA,1.2,NA,1.709476353,NA,NA,NA,NA,NA,NA,NA,NA,NA,NA,NA,1.025685812,NA,NA,NA,NA,NA,NA,NA,NA,NA,NA,NA,NA,NA,1.709476353,NA,NA,NA,NA,NA,NA,NA,NA,1.2,NA,NA,NA,NA,NA,NA,NA,1.383454791,NA,NA,NA,0.642660283,NA,NA,NA,NA,NA,NA,NA,NA,NA,0.854738177,NA,NA,NA,NA,NA,NA,NA,NA,NA,NA,NA,NA,2.686319983,0.955135994,NA,0.398336082,NA,NA,NA,NA,NA,NA,NA,NA,NA,NA,NA,NA,NA,NA,NA,NA,1.038710394,NA,NA,NA,NA,0.732632723,1.362154173,NA,NA,0.955135994,NA,NA,NA,NA,NA,NA,NA,NA,1.709476353,NA,NA,NA,NA,NA,1.025685812,NA,NA
TA1,ET,2017,1,ET_TA1_2017,NA,NA,NA,NA,NA,NA,NA,NA,NA,NA,1.060624733,NA,NA,NA,2.305705982,NA,NA,NA,NA,NA,NA,NA,NA,NA,2.536276581,NA,NA,NA,NA,NA,NA,NA,NA,NA,NA,NA,NA,NA,NA,NA,NA,NA,NA,NA,NA,NA,NA,NA,NA,NA,NA,NA,NA,NA,NA,NA,2.305705982,NA,NA,NA,NA,NA,NA,NA,NA,NA,NA,NA,0.576426496,NA,NA,NA,NA,0.79546855,NA,NA,NA,NA,NA,NA,NA,NA,NA,NA,1.709476353,NA,NA,NA,NA,NA,NA,2.305705982,NA,NA,NA,NA,NA,NA,NA,NA,NA,NA,NA,NA,NA,NA,NA,NA,NA,NA,NA,NA,NA,NA,NA,NA,1.773619986,NA,NA,NA,NA,NA,NA,NA,0.806997094,NA,NA,NA
TA2,GH,2017,1,GH_TA2_2017,NA,NA,NA,NA,NA,NA,NA,NA,2.231310183,NA,NA,NA,NA,NA,NA,NA,NA,NA,NA,NA,NA,NA,NA,NA,NA,NA,NA,NA,NA,NA,NA,NA,NA,1.78068728,NA,NA,NA,NA,NA,NA,NA,NA,NA,NA,NA,NA,NA,NA,NA,NA,NA,NA,NA,NA,1.077205885,NA,NA,NA,NA,NA,NA,NA,NA,NA,NA,NA,NA,NA,1.246481096,NA,NA,NA,NA,1.051453441,NA,NA,NA,NA,NA,NA,NA,NA,NA,NA,2.651561833,NA,NA,NA,NA,NA,NA,NA,NA,NA,NA,NA,NA,NA,NA,NA,NA,1.196621852,NA,NA,NA,NA,1.424549824,1.78068728,NA,NA,NA,NA,1.42,NA,NA,NA,NA,NA,NA,NA,NA,NA,NA,NA,NA,NA,NA,NA
TA3,ML,2017,1,ML_TA3_2017,NA,NA,NA,NA,NA,NA,NA,NA,1.142703563,NA,NA,NA,NA,NA,NA,NA,NA,NA,NA,NA,NA,NA,NA,NA,NA,NA,NA,NA,NA,NA,NA,NA,1.142703612,0.950729365,NA,NA,NA,NA,NA,NA,NA,NA,NA,NA,0.432594939,NA,NA,NA,NA,NA,NA,NA,NA,NA,1.142703563,NA,1.828325702,0.813604971,NA,NA,NA,NA,NA,NA,NA,NA,NA,NA,0.457081445,NA,NA,NA,NA,0.725526103,NA,NA,NA,NA,NA,NA,NA,NA,NA,NA,NA,NA,NA,NA,NA,NA,NA,NA,NA,NA,NA,NA,NA,NA,NA,NA,NA,0.799892494,NA,NA,1.309347888,NA,0.63483534,NA,NA,NA,NA,NA,NA,NA,NA,NA,NA,NA,NA,NA,NA,NA,NA,NA,NA,NA,NA,NA
CWU,UG,2017,1,UG_CWU_2017,NA,NA,NA,NA,NA,NA,NA,NA,NA,0.852468105,NA,0.852468105,NA,NA,NA,NA,NA,NA,NA,NA,NA,NA,NA,0.738834106,NA,NA,NA,NA,NA,NA,4.142994988,NA,NA,NA,NA,NA,NA,0.852468105,NA,NA,NA,NA,NA,NA,NA,NA,NA,NA,NA,NA,NA,NA,NA,0.852468105,0.852468105,NA,NA,NA,0.738834106,NA,NA,NA,NA,NA,NA,NA,NA,NA,0.738834106,NA,NA,NA,NA,NA,NA,NA,NA,NA,NA,NA,NA,NA,NA,NA,NA,NA,NA,NA,NA,NA,NA,NA,NA,NA,NA,0.852468105,NA,NA,NA,NA,NA,NA,NA,NA,NA,NA,NA,NA,NA,NA,NA,NA,0.738834106,NA,NA,NA,NA,NA,NA,0.852468105,NA,NA,5.385893485,NA,NA,NA,NA,NA
VCD,KE,2017,1,KE_VCD_2017,NA,NA,1.463202785,NA,1.062176836,NA,0.709003038,NA,NA,0.759013864,NA,1.918675457,NA,NA,NA,NA,NA,NA,1.463202785,NA,NA,NA,NA,0.657221918,NA,NA,NA,NA,NA,NA,1.290544856,NA,NA,0.333390755,NA,NA,NA,NA,NA,NA,NA,NA,NA,0.165454469,NA,NA,NA,NA,NA,NA,NA,NA,NA,NA,1.463202785,NA,NA,NA,0.759013864,0.448566762,NA,NA,NA,NA,NA,NA,NA,NA,0.941022291,1.463202785,NA,NA,NA,1.408332681,NA,NA,NA,NA,NA,NA,NA,NA,NA,4.916361357,1.2,NA,NA,NA,1.463202785,NA,NA,NA,NA,NA,NA,NA,1.463202785,NA,NA,NA,NA,NA,NA,NA,NA,NA,0.921817755,NA,NA,NA,0.080659054,NA,0.477979576,NA,NA,0.494708862,NA,NA,NA,1.463202785,NA,NA,NA,NA,NA,0.132772105,NA,NA
IND,CR,2017,1,CR_IND_2017,NA,NA,NA,NA,NA,NA,NA,NA,NA,1.071785665,NA,NA,NA,NA,NA,NA,NA,NA,NA,1.502622328,NA,NA,NA,0.321535699,NA,1.339732081,NA,NA,NA,NA,NA,1.339732081,NA,NA,NA,1.071785665,NA,NA,NA,NA,NA,NA,NA,NA,NA,NA,39.69576536,NA,NA,NA,NA,NA,NA,NA,NA,NA,NA,NA,NA,NA,NA,NA,NA,NA,NA,NA,NA,NA,NA,NA,NA,NA,NA,NA,NA,NA,NA,NA,NA,NA,NA,0.101819638,NA,NA,1.463202785,NA,NA,1.071785665,2.14357133,NA,NA,NA,NA,NA,NA,1.071785665,NA,NA,NA,NA,1.071785665,NA,0.321535699,NA,NA,NA,NA,NA,NA,NA,NA,NA,NA,NA,0.321535699,NA,NA,NA,NA,NA,NA,NA,NA,NA,NA,NA,0.589482116,NA
CLP,BI,2018,1,BI_CLP_2018,NA,NA,NA,NA,NA,NA,NA,NA,NA,0.88550717,NA,0.811714906,NA,NA,NA,NA,NA,NA,NA,NA,NA,NA,NA,0.442753585,NA,NA,NA,NA,NA,NA,NA,NA,1.475845283,0.590338113,NA,NA,NA,NA,NA,NA,NA,NA,NA,NA,NA,NA,1.106883962,NA,NA,NA,NA,NA,NA,NA,1.180676226,NA,NA,NA,0.442753585,NA,NA,NA,NA,NA,NA,NA,NA,NA,0.560821208,NA,NA,NA,NA,NA,NA,NA,NA,NA,NA,NA,NA,0.368961321,0.590338113,NA,1.328260755,NA,NA,NA,NA,NA,NA,NA,NA,NA,NA,NA,NA,NA,NA,NA,NA,0.737922642,NA,NA,NA,NA,0.664130377,0.737922642,NA,NA,1.106883962,NA,0.664130377,NA,0.737922642,NA,NA,NA,NA,1.106883962,NA,NA,NA,NA,NA,0.664130377,NA,NA
TA4,BF,2018,1,BF_TA4_2018,NA,NA,NA,NA,NA,NA,NA,NA,1.736348485,NA,NA,NA,NA,NA,NA,NA,NA,NA,NA,NA,NA,NA,NA,1.322932179,NA,NA,NA,NA,NA,NA,NA,NA,0.875309023,1.386898131,NA,NA,NA,NA,NA,NA,NA,NA,NA,NA,NA,NA,NA,NA,NA,NA,NA,NA,NA,NA,0.763230103,NA,1.356853517,NA,1.308394463,NA,NA,NA,NA,NA,NA,NA,NA,NA,1.018912188,NA,NA,NA,NA,1.322932179,NA,NA,NA,NA,NA,NA,NA,NA,NA,NA,NA,NA,NA,NA,NA,NA,NA,NA,NA,NA,NA,NA,NA,NA,NA,NA,NA,2.140362681,NA,NA,1.908075258,NA,1.121948252,1.067159234,NA,NA,NA,NA,NA,NA,NA,NA,NA,NA,NA,NA,NA,NA,NA,NA,NA,1.322932179,NA,NA
CRA,TZ,2018,1,TZ_CRA_2018,NA,NA,NA,NA,NA,NA,NA,NA,1.976968891,1.029753671,NA,NA,NA,NA,NA,NA,NA,NA,NA,NA,NA,NA,NA,0.86492389,0.706060318,0.783923081,NA,NA,NA,1.307519108,NA,NA,NA,0.706060318,NA,NA,NA,NA,NA,NA,NA,NA,NA,NA,NA,NA,1.307519108,NA,NA,NA,1.853408336,NA,0.706060318,NA,0.605446723,NA,NA,NA,0.583480402,NA,NA,NA,NA,1.372895063,NA,NA,NA,NA,0.741363334,1.853408336,NA,NA,NA,0.741363334,NA,NA,NA,NA,NA,NA,NA,NA,0.617802779,1.372895063,0.654197231,NA,NA,1.372895063,NA,NA,NA,NA,NA,0.706060318,NA,NA,0.606770586,NA,NA,NA,NA,0.710473195,NA,NA,2.002138634,NA,0.593090667,0.706060318,0.783923081,NA,NA,0.556022501,0.583480402,NA,0.583480402,NA,NA,NA,3.212574449,1.307519108,NA,NA,NA,NA,NA,0.583480402,NA,NA
MKP,PE,2018,1,PE_MKP_2018,NA,NA,NA,1.72904283,NA,NA,NA,NA,NA,NA,0.626464795,0.864521415,NA,NA,NA,NA,NA,NA,NA,NA,NA,NA,NA,NA,NA,NA,NA,NA,NA,NA,NA,NA,NA,NA,NA,NA,NA,NA,NA,0.933432544,NA,NA,NA,1.002343673,NA,NA,NA,NA,NA,NA,NA,NA,NA,NA,NA,NA,NA,NA,0.400937469,NA,NA,NA,NA,NA,NA,NA,NA,NA,1.440869025,NA,NA,NA,NA,NA,NA,NA,NA,NA,NA,NA,NA,NA,NA,NA,1.307519108,NA,NA,NA,NA,NA,NA,0.633982371,NA,NA,NA,NA,NA,1.72904283,NA,NA,NA,NA,0.316991186,NA,NA,NA,NA,NA,NA,NA,NA,NA,NA,NA,NA,NA,NA,NA,NA,NA,NA,0.461078088,NA,NA,0.796863219,NA,NA,NA
CFN,NI,2018,1,NI_CFN_2018,4.935969486,NA,NA,NA,NA,NA,NA,NA,NA,1.2,NA,NA,NA,NA,NA,NA,NA,NA,NA,1.421559212,NA,NA,NA,0.533084705,NA,NA,NA,NA,NA,NA,2.369265353,NA,NA,NA,NA,NA,NA,NA,NA,NA,NA,NA,NA,NA,NA,NA,NA,NA,NA,NA,NA,NA,NA,NA,NA,NA,NA,NA,NA,NA,NA,NA,NA,NA,NA,NA,NA,NA,0.585428939,NA,NA,NA,NA,NA,NA,NA,NA,NA,NA,NA,NA,NA,NA,NA,NA,NA,NA,NA,NA,NA,NA,NA,1.2,NA,NA,0.592316338,NA,NA,NA,NA,NA,0.639701645,NA,NA,NA,NA,NA,NA,NA,NA,NA,NA,NA,NA,NA,NA,NA,NA,NA,NA,NA,NA,NA,NA,NA,NA,NA,NA
TA5,BF,2018,1,BF_TA5_2018,NA,NA,NA,NA,NA,NA,NA,NA,NA,NA,NA,NA,NA,NA,NA,NA,NA,NA,NA,NA,NA,NA,NA,0.915876032,NA,NA,NA,NA,NA,NA,NA,NA,1.121948252,1.526460207,NA,NA,NA,NA,NA,NA,NA,NA,NA,NA,0.848033448,NA,1.696066896,NA,NA,NA,NA,NA,NA,NA,0.915876124,NA,1.144845155,1.605756841,NA,NA,NA,NA,NA,NA,NA,NA,NA,NA,0.848033448,NA,NA,NA,NA,1.590062715,NA,NA,NA,NA,NA,NA,NA,NA,NA,NA,NA,NA,NA,NA,NA,NA,NA,NA,NA,NA,NA,NA,NA,NA,NA,NA,NA,0.91972434300000006,NA,NA,3.534482265,NA,1.13777821,0.969181084,NA,NA,NA,NA,NA,NA,NA,NA,NA,NA,NA,NA,NA,NA,NA,NA,NA,NA,NA,NA
TA6,ET,2018,1,ET_TA6_2018,NA,NA,NA,NA,NA,NA,NA,NA,NA,NA,1.383423589,NA,NA,NA,1.633208404,NA,NA,NA,NA,NA,NA,NA,NA,NA,NA,NA,NA,NA,NA,NA,NA,NA,NA,NA,NA,NA,NA,NA,NA,NA,NA,NA,NA,NA,NA,NA,4.259151329,NA,0.352260636,NA,NA,NA,NA,NA,NA,NA,NA,NA,NA,NA,0.144106624,NA,NA,NA,NA,NA,NA,NA,0.821407756,NA,NA,1.383423589,1.383423589,1.259131626,NA,NA,NA,NA,NA,NA,NA,NA,NA,NA,1.984398276,NA,NA,NA,NA,NA,NA,1.633208404,NA,NA,NA,NA,NA,NA,NA,NA,NA,NA,NA,NA,NA,NA,1.251668962,NA,NA,NA,NA,NA,NA,NA,NA,NA,1.441066239,1.383423589,NA,NA,NA,NA,NA,NA,1.441066239,NA,NA,NA
TA7,GH,2018,1,GH_TA7_2018,NA,NA,NA,NA,NA,NA,NA,NA,2.967812133,NA,NA,NA,NA,NA,NA,NA,NA,NA,NA,NA,NA,NA,NA,NA,NA,NA,NA,NA,NA,NA,NA,NA,NA,1.526303383,NA,NA,NA,NA,NA,NA,NA,NA,NA,NA,NA,1.424549824,NA,NA,NA,NA,NA,NA,NA,NA,1.70437211,NA,NA,NA,NA,NA,NA,NA,NA,NA,NA,NA,NA,NA,1.516164894,NA,NA,NA,NA,1.516164894,NA,NA,NA,NA,NA,NA,NA,NA,NA,NA,1.127234036,NA,NA,NA,NA,NA,NA,NA,1.526303383,NA,NA,NA,NA,NA,NA,NA,NA,1.821157445,NA,NA,3.603771875,NA,1.587355518,1.526303383,NA,NA,NA,NA,1.424549824,NA,NA,NA,NA,NA,NA,1.526303383,NA,NA,NA,NA,NA,NA,NA,NA
ARI,ET,2018,1,ET_ARI_2018,NA,NA,NA,NA,NA,NA,NA,NA,NA,NA,0.634371396,NA,NA,NA,NA,NA,NA,NA,NA,NA,NA,NA,NA,NA,0.576701269,NA,NA,NA,NA,NA,NA,NA,NA,NA,NA,NA,NA,NA,NA,0.576701269,0.576701269,NA,NA,NA,NA,NA,0.514666514,NA,NA,NA,NA,NA,NA,NA,NA,NA,NA,NA,0.823466422,NA,NA,NA,NA,NA,0.380622837,NA,0.446943483,NA,2.305705982,NA,NA,NA,NA,NA,NA,NA,NA,NA,NA,NA,2.306805075,NA,NA,NA,3.177623991,NA,NA,NA,NA,NA,NA,NA,NA,NA,NA,NA,NA,NA,NA,NA,NA,NA,NA,NA,NA,NA,NA,NA,NA,NA,NA,NA,NA,NA,NA,NA,0.576701269,NA,NA,NA,NA,NA,NA,NA,1.152852991,NA,NA,NA
LGS,CD,2019,1,CD_LGS_2019,NA,NA,NA,NA,NA,NA,NA,NA,NA,0.63494836,NA,NA,NA,NA,NA,NA,1.702802241,NA,0.63494836,NA,NA,NA,NA,0.854738177,NA,NA,NA,NA,2.222319259,NA,1.367581083,NA,NA,NA,NA,NA,NA,NA,0.369331311,NA,NA,NA,NA,NA,NA,NA,NA,NA,NA,NA,NA,NA,NA,NA,1.857630971,NA,NA,NA,NA,NA,NA,NA,NA,NA,NA,NA,NA,NA,1.139650903,NA,NA,NA,NA,NA,NA,NA,NA,NA,NA,NA,NA,NA,1.367581082,NA,1.709476353,NA,NA,NA,NA,NA,NA,NA,NA,NA,1.367581082,NA,NA,NA,0.082054865,NA,NA,NA,NA,NA,NA,NA,NA,1.766458899,NA,NA,0.341895271,NA,0.341895271,NA,1.367581082,NA,NA,NA,NA,0.63494836,NA,NA,NA,NA,NA,1.025685812,NA,NA
LGS,KE,2019,1,KE_LGS_2019,NA,NA,NA,NA,NA,NA,NA,NA,NA,2.190739725,NA,NA,NA,NA,NA,NA,1.702802241,NA,NA,NA,NA,NA,NA,0.860363238,NA,NA,NA,NA,2.150908094,NA,0.46244524,NA,NA,0.430181619,NA,NA,NA,NA,NA,NA,NA,NA,NA,NA,NA,NA,NA,NA,NA,NA,NA,NA,NA,NA,1.857630971,NA,NA,NA,NA,0.344145295,NA,NA,NA,NA,NA,NA,NA,NA,0.833476886,NA,NA,NA,NA,0.526972483,NA,NA,NA,NA,NA,NA,NA,NA,NA,NA,1.127234036,NA,NA,NA,NA,NA,NA,NA,NA,NA,NA,NA,NA,NA,NA,NA,NA,NA,NA,NA,NA,NA,1.61318107,NA,NA,NA,0.280813001,NA,1.720726475,NA,NA,0.365654376,NA,NA,NA,NA,NA,NA,NA,NA,NA,NA,NA,NA
GLT,KE,2019,1,KE_GLT_2019,NA,NA,0.430181619,NA,2.923357231,NA,NA,NA,3.823836611,0.280934935,NA,NA,NA,NA,NA,NA,NA,NA,NA,NA,NA,NA,NA,0.477979576,NA,NA,NA,NA,NA,NA,0.740868343,NA,0.860363238,0.341413983,NA,NA,NA,NA,NA,NA,NA,NA,NA,NA,NA,NA,NA,NA,NA,NA,NA,NA,0.706060318,NA,1.327721046,NA,NA,NA,0.631615869,0.645272428,NA,NA,NA,NA,NA,NA,NA,NA,0.626186058,NA,NA,NA,NA,0.990100551,NA,NA,NA,NA,NA,NA,NA,NA,NA,NA,NA,NA,NA,NA,NA,NA,NA,NA,NA,NA,NA,NA,NA,NA,NA,NA,NA,0.91972434300000006,NA,NA,NA,NA,0.81939356,2.091160647,NA,1.062176836,0.073130875,NA,0.628201729,NA,NA,0.4516907,NA,NA,3.432470493,1.062176836,NA,NA,NA,0.4516907,NA,NA,NA,NA
