Year,Period,State,Data Item,Value,,
2019,YEAR,Alabama,FARM OPERATIONS - ACRES OPERATED,8300000,,
2019,YEAR,Alaska,FARM OPERATIONS - ACRES OPERATED,850000,,
2019,YEAR,Arizona,FARM OPERATIONS - ACRES OPERATED,26200000,,
2019,YEAR,Arkansas,FARM OPERATIONS - ACRES OPERATED,14000000,,
2019,YEAR,California,FARM OPERATIONS - ACRES OPERATED,24300000,,
2019,YEAR,Colorado,FARM OPERATIONS - ACRES OPERATED,31800000,,
2019,YEAR,Connecticut,FARM OPERATIONS - ACRES OPERATED,380000,,
2019,YEAR,Delaware,FARM OPERATIONS - ACRES OPERATED,530000,,
2019,YEAR,Florida,FARM OPERATIONS - ACRES OPERATED,9700000,,
2019,YEAR,Georgia,FARM OPERATIONS - ACRES OPERATED,10200000,,
2019,YEAR,Hawaii,FARM OPERATIONS - ACRES OPERATED,1100000,,
2019,YEAR,Idaho,FARM OPERATIONS - ACRES OPERATED,11500000,,
2019,YEAR,Illinois,FARM OPERATIONS - ACRES OPERATED,27000000,,
2019,YEAR,Indiana,FARM OPERATIONS - ACRES OPERATED,14900000,,
2019,YEAR,Iowa,FARM OPERATIONS - ACRES OPERATED,30600000,,
2019,YEAR,Kansas,FARM OPERATIONS - ACRES OPERATED,45700000,,
2019,YEAR,Kentucky,FARM OPERATIONS - ACRES OPERATED,12900000,,
2019,YEAR,Louisiana,FARM OPERATIONS - ACRES OPERATED,8000000,,
2019,YEAR,Maine,FARM OPERATIONS - ACRES OPERATED,1300000,,
2019,YEAR,Maryland,FARM OPERATIONS - ACRES OPERATED,2000000,,
2019,YEAR,Massachusetts,FARM OPERATIONS - ACRES OPERATED,500000,,
2019,YEAR,Michigan,FARM OPERATIONS - ACRES OPERATED,9800000,,
2019,YEAR,Minnesota,FARM OPERATIONS - ACRES OPERATED,25500000,,
2019,YEAR,Mississippi,FARM OPERATIONS - ACRES OPERATED,10400000,,
2019,YEAR,Missouri,FARM OPERATIONS - ACRES OPERATED,27600000,,
2019,YEAR,Montana,FARM OPERATIONS - ACRES OPERATED,58000000,,
2019,YEAR,Nebraska,FARM OPERATIONS - ACRES OPERATED,44900000,,
2019,YEAR,Nevada,FARM OPERATIONS - ACRES OPERATED,6100000,,
2019,YEAR,New Hampshire,FARM OPERATIONS - ACRES OPERATED,430000,,
2019,YEAR,New Jersey,FARM OPERATIONS - ACRES OPERATED,750000,,
2019,YEAR,New Mexico,FARM OPERATIONS - ACRES OPERATED,40000000,,
2019,YEAR,New York,FARM OPERATIONS - ACRES OPERATED,6900000,,
2019,YEAR,North Carolina,FARM OPERATIONS - ACRES OPERATED,8400000,,
2019,YEAR,North Dakota,FARM OPERATIONS - ACRES OPERATED,39300000,,
2019,YEAR,Ohio,FARM OPERATIONS - ACRES OPERATED,13600000,,
2019,YEAR,Oklahoma,FARM OPERATIONS - ACRES OPERATED,34400000,,
2019,YEAR,Oregon,FARM OPERATIONS - ACRES OPERATED,15800000,,
2019,YEAR,Other States,FARM OPERATIONS - ACRES OPERATED,0,,
2019,YEAR,Pennsylvania,FARM OPERATIONS - ACRES OPERATED,7300000,,
2019,YEAR,Rhode Island,FARM OPERATIONS - ACRES OPERATED,60000,,
2019,YEAR,South Carolina,FARM OPERATIONS - ACRES OPERATED,4800000,,
2019,YEAR,South Dakota,FARM OPERATIONS - ACRES OPERATED,43200000,,
2019,YEAR,Tennessee,FARM OPERATIONS - ACRES OPERATED,10800000,,
2019,YEAR,Texas,FARM OPERATIONS - ACRES OPERATED,126500000,,
2019,YEAR,Utah,FARM OPERATIONS - ACRES OPERATED,10700000,,
2019,YEAR,Vermont,FARM OPERATIONS - ACRES OPERATED,1200000,,
2019,YEAR,Virginia,FARM OPERATIONS - ACRES OPERATED,7800000,,
2019,YEAR,Washington,FARM OPERATIONS - ACRES OPERATED,14600000,,
2019,YEAR,West Virginia,FARM OPERATIONS - ACRES OPERATED,3500000,,
2019,YEAR,Wisconsin,FARM OPERATIONS - ACRES OPERATED,14300000,,
2019,YEAR,Wyoming,FARM OPERATIONS - ACRES OPERATED,29000000,,
2018,YEAR,Alabama,FARM OPERATIONS - ACRES OPERATED,8500000,,
2018,YEAR,Alaska,FARM OPERATIONS - ACRES OPERATED,850000,,
2018,YEAR,Arizona,FARM OPERATIONS - ACRES OPERATED,26200000,,
2018,YEAR,Arkansas,FARM OPERATIONS - ACRES OPERATED,13900000,,
2018,YEAR,California,FARM OPERATIONS - ACRES OPERATED,24300000,,
2018,YEAR,Colorado,FARM OPERATIONS - ACRES OPERATED,31800000,,
2018,YEAR,Connecticut,FARM OPERATIONS - ACRES OPERATED,380000,,
2018,YEAR,Delaware,FARM OPERATIONS - ACRES OPERATED,530000,,
2018,YEAR,Florida,FARM OPERATIONS - ACRES OPERATED,9700000,,
2018,YEAR,Georgia,FARM OPERATIONS - ACRES OPERATED,10100000,,
2018,YEAR,Hawaii,FARM OPERATIONS - ACRES OPERATED,1100000,,
2018,YEAR,Idaho,FARM OPERATIONS - ACRES OPERATED,11600000,,
2018,YEAR,Illinois,FARM OPERATIONS - ACRES OPERATED,27000000,,
2018,YEAR,Indiana,FARM OPERATIONS - ACRES OPERATED,15000000,,
2018,YEAR,Iowa,FARM OPERATIONS - ACRES OPERATED,30600000,,
2018,YEAR,Kansas,FARM OPERATIONS - ACRES OPERATED,45800000,,
2018,YEAR,Kentucky,FARM OPERATIONS - ACRES OPERATED,12900000,,
2018,YEAR,Louisiana,FARM OPERATIONS - ACRES OPERATED,8000000,,
2018,YEAR,Maine,FARM OPERATIONS - ACRES OPERATED,1300000,,
2018,YEAR,Maryland,FARM OPERATIONS - ACRES OPERATED,2000000,,
2018,YEAR,Massachusetts,FARM OPERATIONS - ACRES OPERATED,500000,,
2018,YEAR,Michigan,FARM OPERATIONS - ACRES OPERATED,9800000,,
2018,YEAR,Minnesota,FARM OPERATIONS - ACRES OPERATED,25500000,,
2018,YEAR,Mississippi,FARM OPERATIONS - ACRES OPERATED,10400000,,
2018,YEAR,Missouri,FARM OPERATIONS - ACRES OPERATED,27700000,,
2018,YEAR,Montana,FARM OPERATIONS - ACRES OPERATED,58000000,,
2018,YEAR,Nebraska,FARM OPERATIONS - ACRES OPERATED,45000000,,
2018,YEAR,Nevada,FARM OPERATIONS - ACRES OPERATED,6100000,,
2018,YEAR,New Hampshire,FARM OPERATIONS - ACRES OPERATED,430000,,
2018,YEAR,New Jersey,FARM OPERATIONS - ACRES OPERATED,750000,,
2018,YEAR,New Mexico,FARM OPERATIONS - ACRES OPERATED,40500000,,
2018,YEAR,New York,FARM OPERATIONS - ACRES OPERATED,6900000,,
2018,YEAR,North Carolina,FARM OPERATIONS - ACRES OPERATED,8400000,,
2018,YEAR,North Dakota,FARM OPERATIONS - ACRES OPERATED,39300000,,
2018,YEAR,Ohio,FARM OPERATIONS - ACRES OPERATED,13900000,,
2018,YEAR,Oklahoma,FARM OPERATIONS - ACRES OPERATED,34200000,,
2018,YEAR,Oregon,FARM OPERATIONS - ACRES OPERATED,16000000,,
2018,YEAR,Other States,FARM OPERATIONS - ACRES OPERATED,0,,
2018,YEAR,Pennsylvania,FARM OPERATIONS - ACRES OPERATED,7300000,,
2018,YEAR,Rhode Island,FARM OPERATIONS - ACRES OPERATED,60000,,
2018,YEAR,South Carolina,FARM OPERATIONS - ACRES OPERATED,4800000,,
2018,YEAR,South Dakota,FARM OPERATIONS - ACRES OPERATED,43200000,,
2018,YEAR,Tennessee,FARM OPERATIONS - ACRES OPERATED,10900000,,
2018,YEAR,Texas,FARM OPERATIONS - ACRES OPERATED,127000000,,
2018,YEAR,Utah,FARM OPERATIONS - ACRES OPERATED,10700000,,
2018,YEAR,Vermont,FARM OPERATIONS - ACRES OPERATED,1200000,,
2018,YEAR,Virginia,FARM OPERATIONS - ACRES OPERATED,7800000,,
2018,YEAR,Washington,FARM OPERATIONS - ACRES OPERATED,14700000,,
2018,YEAR,West Virginia,FARM OPERATIONS - ACRES OPERATED,3600000,,
2018,YEAR,Wisconsin,FARM OPERATIONS - ACRES OPERATED,14300000,,
2018,YEAR,Wyoming,FARM OPERATIONS - ACRES OPERATED,29000000,,
2017,YEAR,Alabama,FARM OPERATIONS - ACRES OPERATED,8600000,,
2017,YEAR,Alaska,FARM OPERATIONS - ACRES OPERATED,850000,,
2017,YEAR,Arizona,FARM OPERATIONS - ACRES OPERATED,26100000,,
2017,YEAR,Arkansas,FARM OPERATIONS - ACRES OPERATED,13900000,,
2017,YEAR,California,FARM OPERATIONS - ACRES OPERATED,24500000,,
2017,YEAR,Colorado,FARM OPERATIONS - ACRES OPERATED,31800000,,
2017,YEAR,Connecticut,FARM OPERATIONS - ACRES OPERATED,380000,,
2017,YEAR,Delaware,FARM OPERATIONS - ACRES OPERATED,530000,,
2017,YEAR,Florida,FARM OPERATIONS - ACRES OPERATED,9700000,,
2017,YEAR,Georgia,FARM OPERATIONS - ACRES OPERATED,10000000,,
2017,YEAR,Hawaii,FARM OPERATIONS - ACRES OPERATED,1100000,,
2017,YEAR,Idaho,FARM OPERATIONS - ACRES OPERATED,11700000,,
2017,YEAR,Illinois,FARM OPERATIONS - ACRES OPERATED,27000000,,
2017,YEAR,Indiana,FARM OPERATIONS - ACRES OPERATED,15000000,,
2017,YEAR,Iowa,FARM OPERATIONS - ACRES OPERATED,30600000,,
2017,YEAR,Kansas,FARM OPERATIONS - ACRES OPERATED,45800000,,
2017,YEAR,Kentucky,FARM OPERATIONS - ACRES OPERATED,13000000,,
2017,YEAR,Louisiana,FARM OPERATIONS - ACRES OPERATED,8000000,,
2017,YEAR,Maine,FARM OPERATIONS - ACRES OPERATED,1300000,,
2017,YEAR,Maryland,FARM OPERATIONS - ACRES OPERATED,2000000,,
2017,YEAR,Massachusetts,FARM OPERATIONS - ACRES OPERATED,490000,,
2017,YEAR,Michigan,FARM OPERATIONS - ACRES OPERATED,9800000,,
2017,YEAR,Minnesota,FARM OPERATIONS - ACRES OPERATED,25500000,,
2017,YEAR,Mississippi,FARM OPERATIONS - ACRES OPERATED,10400000,,
2017,YEAR,Missouri,FARM OPERATIONS - ACRES OPERATED,27800000,,
2017,YEAR,Montana,FARM OPERATIONS - ACRES OPERATED,58100000,,
2017,YEAR,Nebraska,FARM OPERATIONS - ACRES OPERATED,45000000,,
2017,YEAR,Nevada,FARM OPERATIONS - ACRES OPERATED,6100000,,
2017,YEAR,New Hampshire,FARM OPERATIONS - ACRES OPERATED,430000,,
2017,YEAR,New Jersey,FARM OPERATIONS - ACRES OPERATED,730000,,
2017,YEAR,New Mexico,FARM OPERATIONS - ACRES OPERATED,40700000,,
2017,YEAR,New York,FARM OPERATIONS - ACRES OPERATED,6900000,,
2017,YEAR,North Carolina,FARM OPERATIONS - ACRES OPERATED,8400000,,
2017,YEAR,North Dakota,FARM OPERATIONS - ACRES OPERATED,39300000,,
2017,YEAR,Ohio,FARM OPERATIONS - ACRES OPERATED,14000000,,
2017,YEAR,Oklahoma,FARM OPERATIONS - ACRES OPERATED,34200000,,
2017,YEAR,Oregon,FARM OPERATIONS - ACRES OPERATED,16000000,,
2017,YEAR,Other States,FARM OPERATIONS - ACRES OPERATED,0,,
2017,YEAR,Pennsylvania,FARM OPERATIONS - ACRES OPERATED,7300000,,
2017,YEAR,Rhode Island,FARM OPERATIONS - ACRES OPERATED,60000,,
2017,YEAR,South Carolina,FARM OPERATIONS - ACRES OPERATED,4700000,,
2017,YEAR,South Dakota,FARM OPERATIONS - ACRES OPERATED,43200000,,
2017,YEAR,Tennessee,FARM OPERATIONS - ACRES OPERATED,10900000,,
2017,YEAR,Texas,FARM OPERATIONS - ACRES OPERATED,127000000,,
2017,YEAR,Utah,FARM OPERATIONS - ACRES OPERATED,10800000,,
2017,YEAR,Vermont,FARM OPERATIONS - ACRES OPERATED,1200000,,
2017,YEAR,Virginia,FARM OPERATIONS - ACRES OPERATED,7800000,,
2017,YEAR,Washington,FARM OPERATIONS - ACRES OPERATED,14700000,,
2017,YEAR,West Virginia,FARM OPERATIONS - ACRES OPERATED,3700000,,
2017,YEAR,Wisconsin,FARM OPERATIONS - ACRES OPERATED,14300000,,
2017,YEAR,Wyoming,FARM OPERATIONS - ACRES OPERATED,29000000,,
2016,YEAR,Alabama,FARM OPERATIONS - ACRES OPERATED,8600000,,
2016,YEAR,Alaska,FARM OPERATIONS - ACRES OPERATED,850000,,
2016,YEAR,Arizona,FARM OPERATIONS - ACRES OPERATED,26100000,,
2016,YEAR,Arkansas,FARM OPERATIONS - ACRES OPERATED,13900000,,
2016,YEAR,California,FARM OPERATIONS - ACRES OPERATED,24800000,,
2016,YEAR,Colorado,FARM OPERATIONS - ACRES OPERATED,31700000,,
2016,YEAR,Connecticut,FARM OPERATIONS - ACRES OPERATED,390000,,
2016,YEAR,Delaware,FARM OPERATIONS - ACRES OPERATED,520000,,
2016,YEAR,Florida,FARM OPERATIONS - ACRES OPERATED,9600000,,
2016,YEAR,Georgia,FARM OPERATIONS - ACRES OPERATED,10000000,,
2016,YEAR,Hawaii,FARM OPERATIONS - ACRES OPERATED,1100000,,
2016,YEAR,Idaho,FARM OPERATIONS - ACRES OPERATED,11600000,,
2016,YEAR,Illinois,FARM OPERATIONS - ACRES OPERATED,27000000,,
2016,YEAR,Indiana,FARM OPERATIONS - ACRES OPERATED,14900000,,
2016,YEAR,Iowa,FARM OPERATIONS - ACRES OPERATED,30600000,,
2016,YEAR,Kansas,FARM OPERATIONS - ACRES OPERATED,45800000,,
2016,YEAR,Kentucky,FARM OPERATIONS - ACRES OPERATED,13000000,,
2016,YEAR,Louisiana,FARM OPERATIONS - ACRES OPERATED,8000000,,
2016,YEAR,Maine,FARM OPERATIONS - ACRES OPERATED,1300000,,
2016,YEAR,Maryland,FARM OPERATIONS - ACRES OPERATED,2000000,,
2016,YEAR,Massachusetts,FARM OPERATIONS - ACRES OPERATED,500000,,
2016,YEAR,Michigan,FARM OPERATIONS - ACRES OPERATED,9800000,,
2016,YEAR,Minnesota,FARM OPERATIONS - ACRES OPERATED,25600000,,
2016,YEAR,Mississippi,FARM OPERATIONS - ACRES OPERATED,10500000,,
2016,YEAR,Missouri,FARM OPERATIONS - ACRES OPERATED,27900000,,
2016,YEAR,Montana,FARM OPERATIONS - ACRES OPERATED,58400000,,
2016,YEAR,Nebraska,FARM OPERATIONS - ACRES OPERATED,45000000,,
2016,YEAR,Nevada,FARM OPERATIONS - ACRES OPERATED,6100000,,
2016,YEAR,New Hampshire,FARM OPERATIONS - ACRES OPERATED,430000,,
2016,YEAR,New Jersey,FARM OPERATIONS - ACRES OPERATED,730000,,
2016,YEAR,New Mexico,FARM OPERATIONS - ACRES OPERATED,41100000,,
2016,YEAR,New York,FARM OPERATIONS - ACRES OPERATED,7000000,,
2016,YEAR,North Carolina,FARM OPERATIONS - ACRES OPERATED,8500000,,
2016,YEAR,North Dakota,FARM OPERATIONS - ACRES OPERATED,39300000,,
2016,YEAR,Ohio,FARM OPERATIONS - ACRES OPERATED,14000000,,
2016,YEAR,Oklahoma,FARM OPERATIONS - ACRES OPERATED,34300000,,
2016,YEAR,Oregon,FARM OPERATIONS - ACRES OPERATED,16000000,,
2016,YEAR,Other States,FARM OPERATIONS - ACRES OPERATED,0,,
2016,YEAR,Pennsylvania,FARM OPERATIONS - ACRES OPERATED,7300000,,
2016,YEAR,Rhode Island,FARM OPERATIONS - ACRES OPERATED,60000,,
2016,YEAR,South Carolina,FARM OPERATIONS - ACRES OPERATED,4800000,,
2016,YEAR,South Dakota,FARM OPERATIONS - ACRES OPERATED,43300000,,
2016,YEAR,Tennessee,FARM OPERATIONS - ACRES OPERATED,10900000,,
2016,YEAR,Texas,FARM OPERATIONS - ACRES OPERATED,127500000,,
2016,YEAR,Utah,FARM OPERATIONS - ACRES OPERATED,10800000,,
2016,YEAR,Vermont,FARM OPERATIONS - ACRES OPERATED,1200000,,
2016,YEAR,Virginia,FARM OPERATIONS - ACRES OPERATED,7900000,,
2016,YEAR,Washington,FARM OPERATIONS - ACRES OPERATED,14700000,,
2016,YEAR,West Virginia,FARM OPERATIONS - ACRES OPERATED,3600000,,
2016,YEAR,Wisconsin,FARM OPERATIONS - ACRES OPERATED,14400000,,
2016,YEAR,Wyoming,FARM OPERATIONS - ACRES OPERATED,29300000,,
2015,YEAR,Alabama,FARM OPERATIONS - ACRES OPERATED,8700000,,
2015,YEAR,Alaska,FARM OPERATIONS - ACRES OPERATED,840000,,
2015,YEAR,Arizona,FARM OPERATIONS - ACRES OPERATED,26100000,,
2015,YEAR,Arkansas,FARM OPERATIONS - ACRES OPERATED,13800000,,
2015,YEAR,California,FARM OPERATIONS - ACRES OPERATED,24900000,,
2015,YEAR,Colorado,FARM OPERATIONS - ACRES OPERATED,31700000,,
2015,YEAR,Connecticut,FARM OPERATIONS - ACRES OPERATED,400000,,
2015,YEAR,Delaware,FARM OPERATIONS - ACRES OPERATED,520000,,
2015,YEAR,Florida,FARM OPERATIONS - ACRES OPERATED,9600000,,
2015,YEAR,Georgia,FARM OPERATIONS - ACRES OPERATED,9800000,,
2015,YEAR,Hawaii,FARM OPERATIONS - ACRES OPERATED,1100000,,
2015,YEAR,Idaho,FARM OPERATIONS - ACRES OPERATED,11700000,,
2015,YEAR,Illinois,FARM OPERATIONS - ACRES OPERATED,27000000,,
2015,YEAR,Indiana,FARM OPERATIONS - ACRES OPERATED,14900000,,
2015,YEAR,Iowa,FARM OPERATIONS - ACRES OPERATED,30600000,,
2015,YEAR,Kansas,FARM OPERATIONS - ACRES OPERATED,45900000,,
2015,YEAR,Kentucky,FARM OPERATIONS - ACRES OPERATED,13100000,,
2015,YEAR,Louisiana,FARM OPERATIONS - ACRES OPERATED,7900000,,
2015,YEAR,Maine,FARM OPERATIONS - ACRES OPERATED,1400000,,
2015,YEAR,Maryland,FARM OPERATIONS - ACRES OPERATED,2000000,,
2015,YEAR,Massachusetts,FARM OPERATIONS - ACRES OPERATED,500000,,
2015,YEAR,Michigan,FARM OPERATIONS - ACRES OPERATED,9800000,,
2015,YEAR,Minnesota,FARM OPERATIONS - ACRES OPERATED,25700000,,
2015,YEAR,Mississippi,FARM OPERATIONS - ACRES OPERATED,10600000,,
2015,YEAR,Missouri,FARM OPERATIONS - ACRES OPERATED,27900000,,
2015,YEAR,Montana,FARM OPERATIONS - ACRES OPERATED,58700000,,
2015,YEAR,Nebraska,FARM OPERATIONS - ACRES OPERATED,45100000,,
2015,YEAR,Nevada,FARM OPERATIONS - ACRES OPERATED,6000000,,
2015,YEAR,New Hampshire,FARM OPERATIONS - ACRES OPERATED,440000,,
2015,YEAR,New Jersey,FARM OPERATIONS - ACRES OPERATED,730000,,
2015,YEAR,New Mexico,FARM OPERATIONS - ACRES OPERATED,41600000,,
2015,YEAR,New York,FARM OPERATIONS - ACRES OPERATED,7000000,,
2015,YEAR,North Carolina,FARM OPERATIONS - ACRES OPERATED,8500000,,
2015,YEAR,North Dakota,FARM OPERATIONS - ACRES OPERATED,39300000,,
2015,YEAR,Ohio,FARM OPERATIONS - ACRES OPERATED,14000000,,
2015,YEAR,Oklahoma,FARM OPERATIONS - ACRES OPERATED,34300000,,
2015,YEAR,Oregon,FARM OPERATIONS - ACRES OPERATED,16200000,,
2015,YEAR,Other States,FARM OPERATIONS - ACRES OPERATED,0,,
2015,YEAR,Pennsylvania,FARM OPERATIONS - ACRES OPERATED,7500000,,
2015,YEAR,Rhode Island,FARM OPERATIONS - ACRES OPERATED,60000,,
2015,YEAR,South Carolina,FARM OPERATIONS - ACRES OPERATED,4800000,,
2015,YEAR,South Dakota,FARM OPERATIONS - ACRES OPERATED,43300000,,
2015,YEAR,Tennessee,FARM OPERATIONS - ACRES OPERATED,10900000,,
2015,YEAR,Texas,FARM OPERATIONS - ACRES OPERATED,128500000,,
2015,YEAR,Utah,FARM OPERATIONS - ACRES OPERATED,10900000,,
2015,YEAR,Vermont,FARM OPERATIONS - ACRES OPERATED,1200000,,
2015,YEAR,Virginia,FARM OPERATIONS - ACRES OPERATED,7900000,,
2015,YEAR,Washington,FARM OPERATIONS - ACRES OPERATED,14700000,,
2015,YEAR,West Virginia,FARM OPERATIONS - ACRES OPERATED,3600000,,
2015,YEAR,Wisconsin,FARM OPERATIONS - ACRES OPERATED,14400000,,
2015,YEAR,Wyoming,FARM OPERATIONS - ACRES OPERATED,29700000,,
2014,YEAR,Alabama,FARM OPERATIONS - ACRES OPERATED,8800000,,
2014,YEAR,Alaska,FARM OPERATIONS - ACRES OPERATED,840000,,
2014,YEAR,Arizona,FARM OPERATIONS - ACRES OPERATED,26100000,,
2014,YEAR,Arkansas,FARM OPERATIONS - ACRES OPERATED,13800000,,
2014,YEAR,California,FARM OPERATIONS - ACRES OPERATED,25200000,,
2014,YEAR,Colorado,FARM OPERATIONS - ACRES OPERATED,31800000,,
2014,YEAR,Connecticut,FARM OPERATIONS - ACRES OPERATED,420000,,
2014,YEAR,Delaware,FARM OPERATIONS - ACRES OPERATED,510000,,
2014,YEAR,Florida,FARM OPERATIONS - ACRES OPERATED,9600000,,
2014,YEAR,Georgia,FARM OPERATIONS - ACRES OPERATED,9700000,,
2014,YEAR,Hawaii,FARM OPERATIONS - ACRES OPERATED,1100000,,
2014,YEAR,Idaho,FARM OPERATIONS - ACRES OPERATED,11700000,,
2014,YEAR,Illinois,FARM OPERATIONS - ACRES OPERATED,27100000,,
2014,YEAR,Indiana,FARM OPERATIONS - ACRES OPERATED,14800000,,
2014,YEAR,Iowa,FARM OPERATIONS - ACRES OPERATED,30600000,,
2014,YEAR,Kansas,FARM OPERATIONS - ACRES OPERATED,45900000,,
2014,YEAR,Kentucky,FARM OPERATIONS - ACRES OPERATED,13100000,,
2014,YEAR,Louisiana,FARM OPERATIONS - ACRES OPERATED,7900000,,
2014,YEAR,Maine,FARM OPERATIONS - ACRES OPERATED,1400000,,
2014,YEAR,Maryland,FARM OPERATIONS - ACRES OPERATED,2000000,,
2014,YEAR,Massachusetts,FARM OPERATIONS - ACRES OPERATED,510000,,
2014,YEAR,Michigan,FARM OPERATIONS - ACRES OPERATED,9900000,,
2014,YEAR,Minnesota,FARM OPERATIONS - ACRES OPERATED,25700000,,
2014,YEAR,Mississippi,FARM OPERATIONS - ACRES OPERATED,10800000,,
2014,YEAR,Missouri,FARM OPERATIONS - ACRES OPERATED,28000000,,
2014,YEAR,Montana,FARM OPERATIONS - ACRES OPERATED,59000000,,
2014,YEAR,Nebraska,FARM OPERATIONS - ACRES OPERATED,45100000,,
2014,YEAR,Nevada,FARM OPERATIONS - ACRES OPERATED,6000000,,
2014,YEAR,New Hampshire,FARM OPERATIONS - ACRES OPERATED,450000,,
2014,YEAR,New Jersey,FARM OPERATIONS - ACRES OPERATED,730000,,
2014,YEAR,New Mexico,FARM OPERATIONS - ACRES OPERATED,42100000,,
2014,YEAR,New York,FARM OPERATIONS - ACRES OPERATED,7000000,,
2014,YEAR,North Carolina,FARM OPERATIONS - ACRES OPERATED,8500000,,
2014,YEAR,North Dakota,FARM OPERATIONS - ACRES OPERATED,39400000,,
2014,YEAR,Ohio,FARM OPERATIONS - ACRES OPERATED,14000000,,
2014,YEAR,Oklahoma,FARM OPERATIONS - ACRES OPERATED,34400000,,
2014,YEAR,Oregon,FARM OPERATIONS - ACRES OPERATED,16300000,,
2014,YEAR,Other States,FARM OPERATIONS - ACRES OPERATED,0,,
2014,YEAR,Pennsylvania,FARM OPERATIONS - ACRES OPERATED,7600000,,
2014,YEAR,Rhode Island,FARM OPERATIONS - ACRES OPERATED,60000,,
2014,YEAR,South Carolina,FARM OPERATIONS - ACRES OPERATED,4900000,,
2014,YEAR,South Dakota,FARM OPERATIONS - ACRES OPERATED,43300000,,
2014,YEAR,Tennessee,FARM OPERATIONS - ACRES OPERATED,10900000,,
2014,YEAR,Texas,FARM OPERATIONS - ACRES OPERATED,129000000,,
2014,YEAR,Utah,FARM OPERATIONS - ACRES OPERATED,10900000,,
2014,YEAR,Vermont,FARM OPERATIONS - ACRES OPERATED,1200000,,
2014,YEAR,Virginia,FARM OPERATIONS - ACRES OPERATED,8100000,,
2014,YEAR,Washington,FARM OPERATIONS - ACRES OPERATED,14700000,,
2014,YEAR,West Virginia,FARM OPERATIONS - ACRES OPERATED,3600000,,
2014,YEAR,Wisconsin,FARM OPERATIONS - ACRES OPERATED,14500000,,
2014,YEAR,Wyoming,FARM OPERATIONS - ACRES OPERATED,29900000,,
2013,YEAR,Alabama,FARM OPERATIONS - ACRES OPERATED,8800000,,
2013,YEAR,Alaska,FARM OPERATIONS - ACRES OPERATED,830000,,
2013,YEAR,Arizona,FARM OPERATIONS - ACRES OPERATED,26200000,,
2013,YEAR,Arkansas,FARM OPERATIONS - ACRES OPERATED,13800000,,
2013,YEAR,California,FARM OPERATIONS - ACRES OPERATED,25300000,,
2013,YEAR,Colorado,FARM OPERATIONS - ACRES OPERATED,31700000,,
2013,YEAR,Connecticut,FARM OPERATIONS - ACRES OPERATED,430000,,
2013,YEAR,Delaware,FARM OPERATIONS - ACRES OPERATED,500000,,
2013,YEAR,Florida,FARM OPERATIONS - ACRES OPERATED,9600000,,
2013,YEAR,Georgia,FARM OPERATIONS - ACRES OPERATED,9600000,,
2013,YEAR,Hawaii,FARM OPERATIONS - ACRES OPERATED,1100000,,
2013,YEAR,Idaho,FARM OPERATIONS - ACRES OPERATED,11800000,,
2013,YEAR,Illinois,FARM OPERATIONS - ACRES OPERATED,27000000,,
2013,YEAR,Indiana,FARM OPERATIONS - ACRES OPERATED,14800000,,
2013,YEAR,Iowa,FARM OPERATIONS - ACRES OPERATED,30600000,,
2013,YEAR,Kansas,FARM OPERATIONS - ACRES OPERATED,46100000,,
2013,YEAR,Kentucky,FARM OPERATIONS - ACRES OPERATED,13000000,,
2013,YEAR,Louisiana,FARM OPERATIONS - ACRES OPERATED,7900000,,
2013,YEAR,Maine,FARM OPERATIONS - ACRES OPERATED,1400000,,
2013,YEAR,Maryland,FARM OPERATIONS - ACRES OPERATED,2000000,,
2013,YEAR,Massachusetts,FARM OPERATIONS - ACRES OPERATED,510000,,
2013,YEAR,Michigan,FARM OPERATIONS - ACRES OPERATED,9900000,,
2013,YEAR,Minnesota,FARM OPERATIONS - ACRES OPERATED,25800000,,
2013,YEAR,Mississippi,FARM OPERATIONS - ACRES OPERATED,10800000,,
2013,YEAR,Missouri,FARM OPERATIONS - ACRES OPERATED,28300000,,
2013,YEAR,Montana,FARM OPERATIONS - ACRES OPERATED,59400000,,
2013,YEAR,Nebraska,FARM OPERATIONS - ACRES OPERATED,45300000,,
2013,YEAR,Nevada,FARM OPERATIONS - ACRES OPERATED,6000000,,
2013,YEAR,New Hampshire,FARM OPERATIONS - ACRES OPERATED,460000,,
2013,YEAR,New Jersey,FARM OPERATIONS - ACRES OPERATED,720000,,
2013,YEAR,New Mexico,FARM OPERATIONS - ACRES OPERATED,42700000,,
2013,YEAR,New York,FARM OPERATIONS - ACRES OPERATED,7100000,,
2013,YEAR,North Carolina,FARM OPERATIONS - ACRES OPERATED,8500000,,
2013,YEAR,North Dakota,FARM OPERATIONS - ACRES OPERATED,39300000,,
2013,YEAR,Ohio,FARM OPERATIONS - ACRES OPERATED,14000000,,
2013,YEAR,Oklahoma,FARM OPERATIONS - ACRES OPERATED,34400000,,
2013,YEAR,Oregon,FARM OPERATIONS - ACRES OPERATED,16400000,,
2013,YEAR,Other States,FARM OPERATIONS - ACRES OPERATED,0,,
2013,YEAR,Pennsylvania,FARM OPERATIONS - ACRES OPERATED,7600000,,
2013,YEAR,Rhode Island,FARM OPERATIONS - ACRES OPERATED,70000,,
2013,YEAR,South Carolina,FARM OPERATIONS - ACRES OPERATED,4900000,,
2013,YEAR,South Dakota,FARM OPERATIONS - ACRES OPERATED,43300000,,
2013,YEAR,Tennessee,FARM OPERATIONS - ACRES OPERATED,10900000,,
2013,YEAR,Texas,FARM OPERATIONS - ACRES OPERATED,129500000,,
2013,YEAR,Utah,FARM OPERATIONS - ACRES OPERATED,11000000,,
2013,YEAR,Vermont,FARM OPERATIONS - ACRES OPERATED,1200000,,
2013,YEAR,Virginia,FARM OPERATIONS - ACRES OPERATED,8200000,,
2013,YEAR,Washington,FARM OPERATIONS - ACRES OPERATED,14800000,,
2013,YEAR,West Virginia,FARM OPERATIONS - ACRES OPERATED,3600000,,
2013,YEAR,Wisconsin,FARM OPERATIONS - ACRES OPERATED,14600000,,
2013,YEAR,Wyoming,FARM OPERATIONS - ACRES OPERATED,30000000,,
2012,YEAR,Alabama,FARM OPERATIONS - ACRES OPERATED,8900000,,
2012,YEAR,Alaska,FARM OPERATIONS - ACRES OPERATED,830000,,
2012,YEAR,Arizona,FARM OPERATIONS - ACRES OPERATED,26200000,,
2012,YEAR,Arkansas,FARM OPERATIONS - ACRES OPERATED,13800000,,
2012,YEAR,California,FARM OPERATIONS - ACRES OPERATED,25600000,,
2012,YEAR,Colorado,FARM OPERATIONS - ACRES OPERATED,31900000,,
2012,YEAR,Connecticut,FARM OPERATIONS - ACRES OPERATED,440000,,
2012,YEAR,Delaware,FARM OPERATIONS - ACRES OPERATED,510000,,
2012,YEAR,Florida,FARM OPERATIONS - ACRES OPERATED,9550000,,
2012,YEAR,Georgia,FARM OPERATIONS - ACRES OPERATED,9600000,,
2012,YEAR,Hawaii,FARM OPERATIONS - ACRES OPERATED,1130000,,
2012,YEAR,Idaho,FARM OPERATIONS - ACRES OPERATED,11800000,,
2012,YEAR,Illinois,FARM OPERATIONS - ACRES OPERATED,26900000,,
2012,YEAR,Indiana,FARM OPERATIONS - ACRES OPERATED,14700000,,
2012,YEAR,Iowa,FARM OPERATIONS - ACRES OPERATED,30600000,,
2012,YEAR,Kansas,FARM OPERATIONS - ACRES OPERATED,46100000,,
2012,YEAR,Kentucky,FARM OPERATIONS - ACRES OPERATED,13000000,,
2012,YEAR,Louisiana,FARM OPERATIONS - ACRES OPERATED,7900000,,
2012,YEAR,Maine,FARM OPERATIONS - ACRES OPERATED,1450000,,
2012,YEAR,Maryland,FARM OPERATIONS - ACRES OPERATED,2030000,,
2012,YEAR,Massachusetts,FARM OPERATIONS - ACRES OPERATED,520000,,
2012,YEAR,Michigan,FARM OPERATIONS - ACRES OPERATED,9950000,,
2012,YEAR,Minnesota,FARM OPERATIONS - ACRES OPERATED,26000000,,
2012,YEAR,Mississippi,FARM OPERATIONS - ACRES OPERATED,10900000,,
2012,YEAR,Missouri,FARM OPERATIONS - ACRES OPERATED,28300000,,
2012,YEAR,Montana,FARM OPERATIONS - ACRES OPERATED,59800000,,
2012,YEAR,Nebraska,FARM OPERATIONS - ACRES OPERATED,45300000,,
2012,YEAR,Nevada,FARM OPERATIONS - ACRES OPERATED,5910000,,
2012,YEAR,New Hampshire,FARM OPERATIONS - ACRES OPERATED,470000,,
2012,YEAR,New Jersey,FARM OPERATIONS - ACRES OPERATED,720000,,
2012,YEAR,New Mexico,FARM OPERATIONS - ACRES OPERATED,43200000,,
2012,YEAR,New York,FARM OPERATIONS - ACRES OPERATED,7180000,,
2012,YEAR,North Carolina,FARM OPERATIONS - ACRES OPERATED,8410000,,
2012,YEAR,North Dakota,FARM OPERATIONS - ACRES OPERATED,39300000,,
2012,YEAR,Ohio,FARM OPERATIONS - ACRES OPERATED,14000000,,
2012,YEAR,Oklahoma,FARM OPERATIONS - ACRES OPERATED,34400000,,
2012,YEAR,Oregon,FARM OPERATIONS - ACRES OPERATED,16300000,,
2012,YEAR,Pennsylvania,FARM OPERATIONS - ACRES OPERATED,7700000,,
2012,YEAR,Rhode Island,FARM OPERATIONS - ACRES OPERATED,70000,,
2012,YEAR,South Carolina,FARM OPERATIONS - ACRES OPERATED,4970000,,
2012,YEAR,South Dakota,FARM OPERATIONS - ACRES OPERATED,43300000,,
2012,YEAR,Tennessee,FARM OPERATIONS - ACRES OPERATED,10900000,,
2012,YEAR,Texas,FARM OPERATIONS - ACRES OPERATED,130200000,,
2012,YEAR,Utah,FARM OPERATIONS - ACRES OPERATED,11000000,,
2012,YEAR,Vermont,FARM OPERATIONS - ACRES OPERATED,1250000,,
2012,YEAR,Virginia,FARM OPERATIONS - ACRES OPERATED,8300000,,
2012,YEAR,Washington,FARM OPERATIONS - ACRES OPERATED,14700000,,
2012,YEAR,West Virginia,FARM OPERATIONS - ACRES OPERATED,3610000,,
2012,YEAR,Wisconsin,FARM OPERATIONS - ACRES OPERATED,14600000,,
2012,YEAR,Wyoming,FARM OPERATIONS - ACRES OPERATED,30400000,,
2011,YEAR,Alabama,FARM OPERATIONS - ACRES OPERATED,8900000,,
2011,YEAR,Alaska,FARM OPERATIONS - ACRES OPERATED,840000,,
2011,YEAR,Arizona,FARM OPERATIONS - ACRES OPERATED,25000000,,
2011,YEAR,Arkansas,FARM OPERATIONS - ACRES OPERATED,13700000,,
2011,YEAR,California,FARM OPERATIONS - ACRES OPERATED,25600000,,
2011,YEAR,Colorado,FARM OPERATIONS - ACRES OPERATED,31600000,,
2011,YEAR,Connecticut,FARM OPERATIONS - ACRES OPERATED,420000,,
2011,YEAR,Delaware,FARM OPERATIONS - ACRES OPERATED,510000,,
2011,YEAR,Florida,FARM OPERATIONS - ACRES OPERATED,9450000,,
2011,YEAR,Georgia,FARM OPERATIONS - ACRES OPERATED,9700000,,
2011,YEAR,Hawaii,FARM OPERATIONS - ACRES OPERATED,1130000,,
2011,YEAR,Idaho,FARM OPERATIONS - ACRES OPERATED,11600000,,
2011,YEAR,Illinois,FARM OPERATIONS - ACRES OPERATED,27000000,,
2011,YEAR,Indiana,FARM OPERATIONS - ACRES OPERATED,14700000,,
2011,YEAR,Iowa,FARM OPERATIONS - ACRES OPERATED,30600000,,
2011,YEAR,Kansas,FARM OPERATIONS - ACRES OPERATED,46100000,,
2011,YEAR,Kentucky,FARM OPERATIONS - ACRES OPERATED,13200000,,
2011,YEAR,Louisiana,FARM OPERATIONS - ACRES OPERATED,7850000,,
2011,YEAR,Maine,FARM OPERATIONS - ACRES OPERATED,1400000,,
2011,YEAR,Maryland,FARM OPERATIONS - ACRES OPERATED,2040000,,
2011,YEAR,Massachusetts,FARM OPERATIONS - ACRES OPERATED,530000,,
2011,YEAR,Michigan,FARM OPERATIONS - ACRES OPERATED,10000000,,
2011,YEAR,Minnesota,FARM OPERATIONS - ACRES OPERATED,26100000,,
2011,YEAR,Mississippi,FARM OPERATIONS - ACRES OPERATED,10900000,,
2011,YEAR,Missouri,FARM OPERATIONS - ACRES OPERATED,28500000,,
2011,YEAR,Montana,FARM OPERATIONS - ACRES OPERATED,60700000,,
2011,YEAR,Nebraska,FARM OPERATIONS - ACRES OPERATED,45400000,,
2011,YEAR,Nevada,FARM OPERATIONS - ACRES OPERATED,5890000,,
2011,YEAR,New Hampshire,FARM OPERATIONS - ACRES OPERATED,460000,,
2011,YEAR,New Jersey,FARM OPERATIONS - ACRES OPERATED,720000,,
2011,YEAR,New Mexico,FARM OPERATIONS - ACRES OPERATED,43100000,,
2011,YEAR,New York,FARM OPERATIONS - ACRES OPERATED,7100000,,
2011,YEAR,North Carolina,FARM OPERATIONS - ACRES OPERATED,8300000,,
2011,YEAR,North Dakota,FARM OPERATIONS - ACRES OPERATED,39500000,,
2011,YEAR,Ohio,FARM OPERATIONS - ACRES OPERATED,13800000,,
2011,YEAR,Oklahoma,FARM OPERATIONS - ACRES OPERATED,34400000,,
2011,YEAR,Oregon,FARM OPERATIONS - ACRES OPERATED,16200000,,
2011,YEAR,Pennsylvania,FARM OPERATIONS - ACRES OPERATED,7570000,,
2011,YEAR,Rhode Island,FARM OPERATIONS - ACRES OPERATED,70000,,
2011,YEAR,South Carolina,FARM OPERATIONS - ACRES OPERATED,5000000,,
2011,YEAR,South Dakota,FARM OPERATIONS - ACRES OPERATED,43300000,,
2011,YEAR,Tennessee,FARM OPERATIONS - ACRES OPERATED,10800000,,
2011,YEAR,Texas,FARM OPERATIONS - ACRES OPERATED,131500000,,
2011,YEAR,Utah,FARM OPERATIONS - ACRES OPERATED,11000000,,
2011,YEAR,Vermont,FARM OPERATIONS - ACRES OPERATED,1240000,,
2011,YEAR,Virginia,FARM OPERATIONS - ACRES OPERATED,8200000,,
2011,YEAR,Washington,FARM OPERATIONS - ACRES OPERATED,14600000,,
2011,YEAR,West Virginia,FARM OPERATIONS - ACRES OPERATED,3600000,,
2011,YEAR,Wisconsin,FARM OPERATIONS - ACRES OPERATED,14600000,,
2011,YEAR,Wyoming,FARM OPERATIONS - ACRES OPERATED,30000000,,
2010,YEAR,Alabama,FARM OPERATIONS - ACRES OPERATED,8900000,,
2010,YEAR,Alaska,FARM OPERATIONS - ACRES OPERATED,850000,,
2010,YEAR,Arizona,FARM OPERATIONS - ACRES OPERATED,24800000,,
2010,YEAR,Arkansas,FARM OPERATIONS - ACRES OPERATED,13700000,,
2010,YEAR,California,FARM OPERATIONS - ACRES OPERATED,25500000,,
2010,YEAR,Colorado,FARM OPERATIONS - ACRES OPERATED,31500000,,
2010,YEAR,Connecticut,FARM OPERATIONS - ACRES OPERATED,410000,,
2010,YEAR,Delaware,FARM OPERATIONS - ACRES OPERATED,500000,,
2010,YEAR,Florida,FARM OPERATIONS - ACRES OPERATED,9400000,,
2010,YEAR,Georgia,FARM OPERATIONS - ACRES OPERATED,9700000,,
2010,YEAR,Hawaii,FARM OPERATIONS - ACRES OPERATED,1100000,,
2010,YEAR,Idaho,FARM OPERATIONS - ACRES OPERATED,11500000,,
2010,YEAR,Illinois,FARM OPERATIONS - ACRES OPERATED,26900000,,
2010,YEAR,Indiana,FARM OPERATIONS - ACRES OPERATED,14790000,,
2010,YEAR,Iowa,FARM OPERATIONS - ACRES OPERATED,30600000,,
2010,YEAR,Kansas,FARM OPERATIONS - ACRES OPERATED,46200000,,
2010,YEAR,Kentucky,FARM OPERATIONS - ACRES OPERATED,13400000,,
2010,YEAR,Louisiana,FARM OPERATIONS - ACRES OPERATED,7950000,,
2010,YEAR,Maine,FARM OPERATIONS - ACRES OPERATED,1400000,,
2010,YEAR,Maryland,FARM OPERATIONS - ACRES OPERATED,2050000,,
2010,YEAR,Massachusetts,FARM OPERATIONS - ACRES OPERATED,530000,,
2010,YEAR,Michigan,FARM OPERATIONS - ACRES OPERATED,9980000,,
2010,YEAR,Minnesota,FARM OPERATIONS - ACRES OPERATED,26300000,,
2010,YEAR,Mississippi,FARM OPERATIONS - ACRES OPERATED,10900000,,
2010,YEAR,Missouri,FARM OPERATIONS - ACRES OPERATED,28700000,,
2010,YEAR,Montana,FARM OPERATIONS - ACRES OPERATED,60600000,,
2010,YEAR,Nebraska,FARM OPERATIONS - ACRES OPERATED,45400000,,
2010,YEAR,Nevada,FARM OPERATIONS - ACRES OPERATED,5920000,,
2010,YEAR,New Hampshire,FARM OPERATIONS - ACRES OPERATED,470000,,
2010,YEAR,New Jersey,FARM OPERATIONS - ACRES OPERATED,710000,,
2010,YEAR,New Mexico,FARM OPERATIONS - ACRES OPERATED,43400000,,
2010,YEAR,New York,FARM OPERATIONS - ACRES OPERATED,7100000,,
2010,YEAR,North Carolina,FARM OPERATIONS - ACRES OPERATED,8400000,,
2010,YEAR,North Dakota,FARM OPERATIONS - ACRES OPERATED,39500000,,
2010,YEAR,Ohio,FARM OPERATIONS - ACRES OPERATED,13840000,,
2010,YEAR,Oklahoma,FARM OPERATIONS - ACRES OPERATED,34700000,,
2010,YEAR,Oregon,FARM OPERATIONS - ACRES OPERATED,16200000,,
2010,YEAR,Pennsylvania,FARM OPERATIONS - ACRES OPERATED,7650000,,
2010,YEAR,Rhode Island,FARM OPERATIONS - ACRES OPERATED,70000,,
2010,YEAR,South Carolina,FARM OPERATIONS - ACRES OPERATED,5000000,,
2010,YEAR,South Dakota,FARM OPERATIONS - ACRES OPERATED,43400000,,
2010,YEAR,Tennessee,FARM OPERATIONS - ACRES OPERATED,10800000,,
2010,YEAR,Texas,FARM OPERATIONS - ACRES OPERATED,131600000,,
2010,YEAR,Utah,FARM OPERATIONS - ACRES OPERATED,11000000,,
2010,YEAR,Vermont,FARM OPERATIONS - ACRES OPERATED,1240000,,
2010,YEAR,Virginia,FARM OPERATIONS - ACRES OPERATED,8200000,,
2010,YEAR,Washington,FARM OPERATIONS - ACRES OPERATED,14600000,,
2010,YEAR,West Virginia,FARM OPERATIONS - ACRES OPERATED,3600000,,
2010,YEAR,Wisconsin,FARM OPERATIONS - ACRES OPERATED,14700000,,
2010,YEAR,Wyoming,FARM OPERATIONS - ACRES OPERATED,30000000,,
2009,YEAR,Alabama,FARM OPERATIONS - ACRES OPERATED,8900000,,
2009,YEAR,Alaska,FARM OPERATIONS - ACRES OPERATED,860000,,
2009,YEAR,Arizona,FARM OPERATIONS - ACRES OPERATED,25500000,,
2009,YEAR,Arkansas,FARM OPERATIONS - ACRES OPERATED,13700000,,
2009,YEAR,California,FARM OPERATIONS - ACRES OPERATED,25500000,,
2009,YEAR,Colorado,FARM OPERATIONS - ACRES OPERATED,31300000,,
2009,YEAR,Connecticut,FARM OPERATIONS - ACRES OPERATED,420000,,
2009,YEAR,Delaware,FARM OPERATIONS - ACRES OPERATED,490000,,
2009,YEAR,Florida,FARM OPERATIONS - ACRES OPERATED,9350000,,
2009,YEAR,Georgia,FARM OPERATIONS - ACRES OPERATED,9800000,,
2009,YEAR,Hawaii,FARM OPERATIONS - ACRES OPERATED,1110000,,
2009,YEAR,Idaho,FARM OPERATIONS - ACRES OPERATED,11500000,,
2009,YEAR,Illinois,FARM OPERATIONS - ACRES OPERATED,26900000,,
2009,YEAR,Indiana,FARM OPERATIONS - ACRES OPERATED,14790000,,
2009,YEAR,Iowa,FARM OPERATIONS - ACRES OPERATED,30700000,,
2009,YEAR,Kansas,FARM OPERATIONS - ACRES OPERATED,46200000,,
2009,YEAR,Kentucky,FARM OPERATIONS - ACRES OPERATED,13500000,,
2009,YEAR,Louisiana,FARM OPERATIONS - ACRES OPERATED,7950000,,
2009,YEAR,Maine,FARM OPERATIONS - ACRES OPERATED,1400000,,
2009,YEAR,Maryland,FARM OPERATIONS - ACRES OPERATED,2060000,,
2009,YEAR,Massachusetts,FARM OPERATIONS - ACRES OPERATED,520000,,
2009,YEAR,Michigan,FARM OPERATIONS - ACRES OPERATED,9970000,,
2009,YEAR,Minnesota,FARM OPERATIONS - ACRES OPERATED,26500000,,
2009,YEAR,Mississippi,FARM OPERATIONS - ACRES OPERATED,10800000,,
2009,YEAR,Missouri,FARM OPERATIONS - ACRES OPERATED,28800000,,
2009,YEAR,Montana,FARM OPERATIONS - ACRES OPERATED,60500000,,
2009,YEAR,Nebraska,FARM OPERATIONS - ACRES OPERATED,45500000,,
2009,YEAR,Nevada,FARM OPERATIONS - ACRES OPERATED,5920000,,
2009,YEAR,New Hampshire,FARM OPERATIONS - ACRES OPERATED,470000,,
2009,YEAR,New Jersey,FARM OPERATIONS - ACRES OPERATED,720000,,
2009,YEAR,New Mexico,FARM OPERATIONS - ACRES OPERATED,43200000,,
2009,YEAR,New York,FARM OPERATIONS - ACRES OPERATED,7100000,,
2009,YEAR,North Carolina,FARM OPERATIONS - ACRES OPERATED,8500000,,
2009,YEAR,North Dakota,FARM OPERATIONS - ACRES OPERATED,39600000,,
2009,YEAR,Ohio,FARM OPERATIONS - ACRES OPERATED,13860000,,
2009,YEAR,Oklahoma,FARM OPERATIONS - ACRES OPERATED,34900000,,
2009,YEAR,Oregon,FARM OPERATIONS - ACRES OPERATED,16300000,,
2009,YEAR,Pennsylvania,FARM OPERATIONS - ACRES OPERATED,7700000,,
2009,YEAR,Rhode Island,FARM OPERATIONS - ACRES OPERATED,70000,,
2009,YEAR,South Carolina,FARM OPERATIONS - ACRES OPERATED,4900000,,
2009,YEAR,South Dakota,FARM OPERATIONS - ACRES OPERATED,43500000,,
2009,YEAR,Tennessee,FARM OPERATIONS - ACRES OPERATED,10900000,,
2009,YEAR,Texas,FARM OPERATIONS - ACRES OPERATED,131900000,,
2009,YEAR,Utah,FARM OPERATIONS - ACRES OPERATED,11000000,,
2009,YEAR,Vermont,FARM OPERATIONS - ACRES OPERATED,1230000,,
2009,YEAR,Virginia,FARM OPERATIONS - ACRES OPERATED,8100000,,
2009,YEAR,Washington,FARM OPERATIONS - ACRES OPERATED,14600000,,
2009,YEAR,West Virginia,FARM OPERATIONS - ACRES OPERATED,3700000,,
2009,YEAR,Wisconsin,FARM OPERATIONS - ACRES OPERATED,14900000,,
2009,YEAR,Wyoming,FARM OPERATIONS - ACRES OPERATED,30000000,,
2008,YEAR,Alabama,FARM OPERATIONS - ACRES OPERATED,8900000,,
2008,YEAR,Alaska,FARM OPERATIONS - ACRES OPERATED,870000,,
2008,YEAR,Arizona,FARM OPERATIONS - ACRES OPERATED,25900000,,
2008,YEAR,Arkansas,FARM OPERATIONS - ACRES OPERATED,13800000,,
2008,YEAR,California,FARM OPERATIONS - ACRES OPERATED,25400000,,
2008,YEAR,Colorado,FARM OPERATIONS - ACRES OPERATED,31400000,,
2008,YEAR,Connecticut,FARM OPERATIONS - ACRES OPERATED,400000,,
2008,YEAR,Delaware,FARM OPERATIONS - ACRES OPERATED,500000,,
2008,YEAR,Florida,FARM OPERATIONS - ACRES OPERATED,9300000,,
2008,YEAR,Georgia,FARM OPERATIONS - ACRES OPERATED,10300000,,
2008,YEAR,Hawaii,FARM OPERATIONS - ACRES OPERATED,1100000,,
2008,YEAR,Idaho,FARM OPERATIONS - ACRES OPERATED,11500000,,
2008,YEAR,Illinois,FARM OPERATIONS - ACRES OPERATED,26700000,,
2008,YEAR,Indiana,FARM OPERATIONS - ACRES OPERATED,14790000,,
2008,YEAR,Iowa,FARM OPERATIONS - ACRES OPERATED,30700000,,
2008,YEAR,Kansas,FARM OPERATIONS - ACRES OPERATED,46200000,,
2008,YEAR,Kentucky,FARM OPERATIONS - ACRES OPERATED,13800000,,
2008,YEAR,Louisiana,FARM OPERATIONS - ACRES OPERATED,8000000,,
2008,YEAR,Maine,FARM OPERATIONS - ACRES OPERATED,1400000,,
2008,YEAR,Maryland,FARM OPERATIONS - ACRES OPERATED,2050000,,
2008,YEAR,Massachusetts,FARM OPERATIONS - ACRES OPERATED,520000,,
2008,YEAR,Michigan,FARM OPERATIONS - ACRES OPERATED,9970000,,
2008,YEAR,Minnesota,FARM OPERATIONS - ACRES OPERATED,26600000,,
2008,YEAR,Mississippi,FARM OPERATIONS - ACRES OPERATED,10900000,,
2008,YEAR,Missouri,FARM OPERATIONS - ACRES OPERATED,29000000,,
2008,YEAR,Montana,FARM OPERATIONS - ACRES OPERATED,60600000,,
2008,YEAR,Nebraska,FARM OPERATIONS - ACRES OPERATED,45500000,,
2008,YEAR,Nevada,FARM OPERATIONS - ACRES OPERATED,5900000,,
2008,YEAR,New Hampshire,FARM OPERATIONS - ACRES OPERATED,470000,,
2008,YEAR,New Jersey,FARM OPERATIONS - ACRES OPERATED,710000,,
2008,YEAR,New Mexico,FARM OPERATIONS - ACRES OPERATED,42900000,,
2008,YEAR,New York,FARM OPERATIONS - ACRES OPERATED,7200000,,
2008,YEAR,North Carolina,FARM OPERATIONS - ACRES OPERATED,8500000,,
2008,YEAR,North Dakota,FARM OPERATIONS - ACRES OPERATED,39600000,,
2008,YEAR,Ohio,FARM OPERATIONS - ACRES OPERATED,13900000,,
2008,YEAR,Oklahoma,FARM OPERATIONS - ACRES OPERATED,35000000,,
2008,YEAR,Oregon,FARM OPERATIONS - ACRES OPERATED,16300000,,
2008,YEAR,Pennsylvania,FARM OPERATIONS - ACRES OPERATED,7720000,,
2008,YEAR,Rhode Island,FARM OPERATIONS - ACRES OPERATED,70000,,
2008,YEAR,South Carolina,FARM OPERATIONS - ACRES OPERATED,5000000,,
2008,YEAR,South Dakota,FARM OPERATIONS - ACRES OPERATED,43600000,,
2008,YEAR,Tennessee,FARM OPERATIONS - ACRES OPERATED,10900000,,
2008,YEAR,Texas,FARM OPERATIONS - ACRES OPERATED,131200000,,
2008,YEAR,Utah,FARM OPERATIONS - ACRES OPERATED,11000000,,
2008,YEAR,Vermont,FARM OPERATIONS - ACRES OPERATED,1230000,,
2008,YEAR,Virginia,FARM OPERATIONS - ACRES OPERATED,8000000,,
2008,YEAR,Washington,FARM OPERATIONS - ACRES OPERATED,14700000,,
2008,YEAR,West Virginia,FARM OPERATIONS - ACRES OPERATED,3700000,,
2008,YEAR,Wisconsin,FARM OPERATIONS - ACRES OPERATED,15000000,,
2008,YEAR,Wyoming,FARM OPERATIONS - ACRES OPERATED,29900000,,
2007,YEAR,Alabama,FARM OPERATIONS - ACRES OPERATED,9000000,,
2007,YEAR,Alaska,FARM OPERATIONS - ACRES OPERATED,890000,,
2007,YEAR,Arizona,FARM OPERATIONS - ACRES OPERATED,26100000,,
2007,YEAR,Arkansas,FARM OPERATIONS - ACRES OPERATED,13900000,,
2007,YEAR,California,FARM OPERATIONS - ACRES OPERATED,25400000,,
2007,YEAR,Colorado,FARM OPERATIONS - ACRES OPERATED,31400000,,
2007,YEAR,Connecticut,FARM OPERATIONS - ACRES OPERATED,410000,,
2007,YEAR,Delaware,FARM OPERATIONS - ACRES OPERATED,510000,,
2007,YEAR,Florida,FARM OPERATIONS - ACRES OPERATED,9300000,,
2007,YEAR,Georgia,FARM OPERATIONS - ACRES OPERATED,10300000,,
2007,YEAR,Hawaii,FARM OPERATIONS - ACRES OPERATED,1120000,,
2007,YEAR,Idaho,FARM OPERATIONS - ACRES OPERATED,11500000,,
2007,YEAR,Illinois,FARM OPERATIONS - ACRES OPERATED,26800000,,
2007,YEAR,Indiana,FARM OPERATIONS - ACRES OPERATED,14800000,,
2007,YEAR,Iowa,FARM OPERATIONS - ACRES OPERATED,30800000,,
2007,YEAR,Kansas,FARM OPERATIONS - ACRES OPERATED,46300000,,
2007,YEAR,Kentucky,FARM OPERATIONS - ACRES OPERATED,14000000,,
2007,YEAR,Louisiana,FARM OPERATIONS - ACRES OPERATED,8100000,,
2007,YEAR,Maine,FARM OPERATIONS - ACRES OPERATED,1350000,,
2007,YEAR,Maryland,FARM OPERATIONS - ACRES OPERATED,2060000,,
2007,YEAR,Massachusetts,FARM OPERATIONS - ACRES OPERATED,520000,,
2007,YEAR,Michigan,FARM OPERATIONS - ACRES OPERATED,10000000,,
2007,YEAR,Minnesota,FARM OPERATIONS - ACRES OPERATED,26900000,,
2007,YEAR,Mississippi,FARM OPERATIONS - ACRES OPERATED,11000000,,
2007,YEAR,Missouri,FARM OPERATIONS - ACRES OPERATED,29000000,,
2007,YEAR,Montana,FARM OPERATIONS - ACRES OPERATED,60900000,,
2007,YEAR,Nebraska,FARM OPERATIONS - ACRES OPERATED,45600000,,
2007,YEAR,Nevada,FARM OPERATIONS - ACRES OPERATED,5900000,,
2007,YEAR,New Hampshire,FARM OPERATIONS - ACRES OPERATED,470000,,
2007,YEAR,New Jersey,FARM OPERATIONS - ACRES OPERATED,730000,,
2007,YEAR,New Mexico,FARM OPERATIONS - ACRES OPERATED,43200000,,
2007,YEAR,New York,FARM OPERATIONS - ACRES OPERATED,7200000,,
2007,YEAR,North Carolina,FARM OPERATIONS - ACRES OPERATED,8600000,,
2007,YEAR,North Dakota,FARM OPERATIONS - ACRES OPERATED,39600000,,
2007,YEAR,Ohio,FARM OPERATIONS - ACRES OPERATED,14000000,,
2007,YEAR,Oklahoma,FARM OPERATIONS - ACRES OPERATED,35100000,,
2007,YEAR,Oregon,FARM OPERATIONS - ACRES OPERATED,16400000,,
2007,YEAR,Pennsylvania,FARM OPERATIONS - ACRES OPERATED,7800000,,
2007,YEAR,Rhode Island,FARM OPERATIONS - ACRES OPERATED,70000,,
2007,YEAR,South Carolina,FARM OPERATIONS - ACRES OPERATED,4900000,,
2007,YEAR,South Dakota,FARM OPERATIONS - ACRES OPERATED,43700000,,
2007,YEAR,Tennessee,FARM OPERATIONS - ACRES OPERATED,11000000,,
2007,YEAR,Texas,FARM OPERATIONS - ACRES OPERATED,130400000,,
2007,YEAR,Utah,FARM OPERATIONS - ACRES OPERATED,11100000,,
2007,YEAR,Vermont,FARM OPERATIONS - ACRES OPERATED,1230000,,
2007,YEAR,Virginia,FARM OPERATIONS - ACRES OPERATED,8100000,,
2007,YEAR,Washington,FARM OPERATIONS - ACRES OPERATED,14900000,,
2007,YEAR,West Virginia,FARM OPERATIONS - ACRES OPERATED,3700000,,
2007,YEAR,Wisconsin,FARM OPERATIONS - ACRES OPERATED,15200000,,
2007,YEAR,Wyoming,FARM OPERATIONS - ACRES OPERATED,30200000,,
2006,YEAR,Alabama,FARM OPERATIONS - ACRES OPERATED,8900000,,
2006,YEAR,Alaska,FARM OPERATIONS - ACRES OPERATED,900000,,
2006,YEAR,Arizona,FARM OPERATIONS - ACRES OPERATED,26100000,,
2006,YEAR,Arkansas,FARM OPERATIONS - ACRES OPERATED,14000000,,
2006,YEAR,California,FARM OPERATIONS - ACRES OPERATED,25700000,,
2006,YEAR,Colorado,FARM OPERATIONS - ACRES OPERATED,31300000,,
2006,YEAR,Connecticut,FARM OPERATIONS - ACRES OPERATED,400000,,
2006,YEAR,Delaware,FARM OPERATIONS - ACRES OPERATED,510000,,
2006,YEAR,Florida,FARM OPERATIONS - ACRES OPERATED,9460000,,
2006,YEAR,Georgia,FARM OPERATIONS - ACRES OPERATED,11000000,,
2006,YEAR,Hawaii,FARM OPERATIONS - ACRES OPERATED,1160000,,
2006,YEAR,Idaho,FARM OPERATIONS - ACRES OPERATED,11600000,,
2006,YEAR,Illinois,FARM OPERATIONS - ACRES OPERATED,26900000,,
2006,YEAR,Indiana,FARM OPERATIONS - ACRES OPERATED,14900000,,
2006,YEAR,Iowa,FARM OPERATIONS - ACRES OPERATED,30900000,,
2006,YEAR,Kansas,FARM OPERATIONS - ACRES OPERATED,47450000,,
2006,YEAR,Kentucky,FARM OPERATIONS - ACRES OPERATED,14000000,,
2006,YEAR,Louisiana,FARM OPERATIONS - ACRES OPERATED,8000000,,
2006,YEAR,Maine,FARM OPERATIONS - ACRES OPERATED,1350000,,
2006,YEAR,Maryland,FARM OPERATIONS - ACRES OPERATED,2060000,,
2006,YEAR,Massachusetts,FARM OPERATIONS - ACRES OPERATED,520000,,
2006,YEAR,Michigan,FARM OPERATIONS - ACRES OPERATED,10100000,,
2006,YEAR,Minnesota,FARM OPERATIONS - ACRES OPERATED,27000000,,
2006,YEAR,Mississippi,FARM OPERATIONS - ACRES OPERATED,11000000,,
2006,YEAR,Missouri,FARM OPERATIONS - ACRES OPERATED,29300000,,
2006,YEAR,Montana,FARM OPERATIONS - ACRES OPERATED,60800000,,
2006,YEAR,Nebraska,FARM OPERATIONS - ACRES OPERATED,45700000,,
2006,YEAR,Nevada,FARM OPERATIONS - ACRES OPERATED,6000000,,
2006,YEAR,New Hampshire,FARM OPERATIONS - ACRES OPERATED,460000,,
2006,YEAR,New Jersey,FARM OPERATIONS - ACRES OPERATED,740000,,
2006,YEAR,New Mexico,FARM OPERATIONS - ACRES OPERATED,43100000,,
2006,YEAR,New York,FARM OPERATIONS - ACRES OPERATED,7270000,,
2006,YEAR,North Carolina,FARM OPERATIONS - ACRES OPERATED,8800000,,
2006,YEAR,North Dakota,FARM OPERATIONS - ACRES OPERATED,39400000,,
2006,YEAR,Ohio,FARM OPERATIONS - ACRES OPERATED,14100000,,
2006,YEAR,Oklahoma,FARM OPERATIONS - ACRES OPERATED,34800000,,
2006,YEAR,Oregon,FARM OPERATIONS - ACRES OPERATED,16600000,,
2006,YEAR,Pennsylvania,FARM OPERATIONS - ACRES OPERATED,7800000,,
2006,YEAR,Rhode Island,FARM OPERATIONS - ACRES OPERATED,70000,,
2006,YEAR,South Carolina,FARM OPERATIONS - ACRES OPERATED,4890000,,
2006,YEAR,South Dakota,FARM OPERATIONS - ACRES OPERATED,43700000,,
2006,YEAR,Tennessee,FARM OPERATIONS - ACRES OPERATED,11100000,,
2006,YEAR,Texas,FARM OPERATIONS - ACRES OPERATED,129700000,,
2006,YEAR,Utah,FARM OPERATIONS - ACRES OPERATED,11300000,,
2006,YEAR,Vermont,FARM OPERATIONS - ACRES OPERATED,1250000,,
2006,YEAR,Virginia,FARM OPERATIONS - ACRES OPERATED,8200000,,
2006,YEAR,Washington,FARM OPERATIONS - ACRES OPERATED,15000000,,
2006,YEAR,West Virginia,FARM OPERATIONS - ACRES OPERATED,3600000,,
2006,YEAR,Wisconsin,FARM OPERATIONS - ACRES OPERATED,15300000,,
2006,YEAR,Wyoming,FARM OPERATIONS - ACRES OPERATED,31600000,,
2005,YEAR,Alabama,FARM OPERATIONS - ACRES OPERATED,8800000,,
2005,YEAR,Alaska,FARM OPERATIONS - ACRES OPERATED,900000,,
2005,YEAR,Arizona,FARM OPERATIONS - ACRES OPERATED,26250000,,
2005,YEAR,Arkansas,FARM OPERATIONS - ACRES OPERATED,14200000,,
2005,YEAR,California,FARM OPERATIONS - ACRES OPERATED,25900000,,
2005,YEAR,Colorado,FARM OPERATIONS - ACRES OPERATED,31100000,,
2005,YEAR,Connecticut,FARM OPERATIONS - ACRES OPERATED,390000,,
2005,YEAR,Delaware,FARM OPERATIONS - ACRES OPERATED,520000,,
2005,YEAR,Florida,FARM OPERATIONS - ACRES OPERATED,9570000,,
2005,YEAR,Georgia,FARM OPERATIONS - ACRES OPERATED,10700000,,
2005,YEAR,Hawaii,FARM OPERATIONS - ACRES OPERATED,1200000,,
2005,YEAR,Idaho,FARM OPERATIONS - ACRES OPERATED,11700000,,
2005,YEAR,Illinois,FARM OPERATIONS - ACRES OPERATED,27000000,,
2005,YEAR,Indiana,FARM OPERATIONS - ACRES OPERATED,14900000,,
2005,YEAR,Iowa,FARM OPERATIONS - ACRES OPERATED,31200000,,
2005,YEAR,Kansas,FARM OPERATIONS - ACRES OPERATED,47160000,,
2005,YEAR,Kentucky,FARM OPERATIONS - ACRES OPERATED,14000000,,
2005,YEAR,Louisiana,FARM OPERATIONS - ACRES OPERATED,8000000,,
2005,YEAR,Maine,FARM OPERATIONS - ACRES OPERATED,1360000,,
2005,YEAR,Maryland,FARM OPERATIONS - ACRES OPERATED,2060000,,
2005,YEAR,Massachusetts,FARM OPERATIONS - ACRES OPERATED,520000,,
2005,YEAR,Michigan,FARM OPERATIONS - ACRES OPERATED,10100000,,
2005,YEAR,Minnesota,FARM OPERATIONS - ACRES OPERATED,27200000,,
2005,YEAR,Mississippi,FARM OPERATIONS - ACRES OPERATED,11050000,,
2005,YEAR,Missouri,FARM OPERATIONS - ACRES OPERATED,29500000,,
2005,YEAR,Montana,FARM OPERATIONS - ACRES OPERATED,60600000,,
2005,YEAR,Nebraska,FARM OPERATIONS - ACRES OPERATED,45700000,,
2005,YEAR,Nevada,FARM OPERATIONS - ACRES OPERATED,6100000,,
2005,YEAR,New Hampshire,FARM OPERATIONS - ACRES OPERATED,460000,,
2005,YEAR,New Jersey,FARM OPERATIONS - ACRES OPERATED,760000,,
2005,YEAR,New Mexico,FARM OPERATIONS - ACRES OPERATED,43400000,,
2005,YEAR,New York,FARM OPERATIONS - ACRES OPERATED,7350000,,
2005,YEAR,North Carolina,FARM OPERATIONS - ACRES OPERATED,8800000,,
2005,YEAR,North Dakota,FARM OPERATIONS - ACRES OPERATED,39400000,,
2005,YEAR,Ohio,FARM OPERATIONS - ACRES OPERATED,14200000,,
2005,YEAR,Oklahoma,FARM OPERATIONS - ACRES OPERATED,34500000,,
2005,YEAR,Oregon,FARM OPERATIONS - ACRES OPERATED,16700000,,
2005,YEAR,Pennsylvania,FARM OPERATIONS - ACRES OPERATED,7800000,,
2005,YEAR,Rhode Island,FARM OPERATIONS - ACRES OPERATED,70000,,
2005,YEAR,South Carolina,FARM OPERATIONS - ACRES OPERATED,4870000,,
2005,YEAR,South Dakota,FARM OPERATIONS - ACRES OPERATED,43700000,,
2005,YEAR,Tennessee,FARM OPERATIONS - ACRES OPERATED,11200000,,
2005,YEAR,Texas,FARM OPERATIONS - ACRES OPERATED,129800000,,
2005,YEAR,Utah,FARM OPERATIONS - ACRES OPERATED,11400000,,
2005,YEAR,Vermont,FARM OPERATIONS - ACRES OPERATED,1250000,,
2005,YEAR,Virginia,FARM OPERATIONS - ACRES OPERATED,8300000,,
2005,YEAR,Washington,FARM OPERATIONS - ACRES OPERATED,15000000,,
2005,YEAR,West Virginia,FARM OPERATIONS - ACRES OPERATED,3600000,,
2005,YEAR,Wisconsin,FARM OPERATIONS - ACRES OPERATED,15400000,,
2005,YEAR,Wyoming,FARM OPERATIONS - ACRES OPERATED,32300000,,