Year,Period,State,Data Item,Value
2019,YEAR,Alabama,"FIELD CROP TOTALS, PRINCIPAL, INCL POTATOES - ACRES PLANTED",2115000
2019,YEAR,Alaska,"FIELD CROP TOTALS, PRINCIPAL, INCL POTATOES - ACRES PLANTED",28000
2019,YEAR,Arizona,"FIELD CROP TOTALS, PRINCIPAL, INCL POTATOES - ACRES PLANTED",634000
2019,YEAR,Arkansas,"FIELD CROP TOTALS, PRINCIPAL, INCL POTATOES - ACRES PLANTED",6598000
2019,YEAR,California,"FIELD CROP TOTALS, PRINCIPAL, INCL POTATOES - ACRES PLANTED",2939000
2019,YEAR,Colorado,"FIELD CROP TOTALS, PRINCIPAL, INCL POTATOES - ACRES PLANTED",6091000
2019,YEAR,Connecticut,"FIELD CROP TOTALS, PRINCIPAL, INCL POTATOES - ACRES PLANTED",70000
2019,YEAR,Delaware,"FIELD CROP TOTALS, PRINCIPAL, INCL POTATOES - ACRES PLANTED",435000
2019,YEAR,Florida,"FIELD CROP TOTALS, PRINCIPAL, INCL POTATOES - ACRES PLANTED",1075000
2019,YEAR,Georgia,"FIELD CROP TOTALS, PRINCIPAL, INCL POTATOES - ACRES PLANTED",3354000
2019,YEAR,Idaho,"FIELD CROP TOTALS, PRINCIPAL, INCL POTATOES - ACRES PLANTED",4096000
2019,YEAR,Illinois,"FIELD CROP TOTALS, PRINCIPAL, INCL POTATOES - ACRES PLANTED",21590000
2019,YEAR,Indiana,"FIELD CROP TOTALS, PRINCIPAL, INCL POTATOES - ACRES PLANTED",11250000
2019,YEAR,Iowa,"FIELD CROP TOTALS, PRINCIPAL, INCL POTATOES - ACRES PLANTED",23935000
2019,YEAR,Kansas,"FIELD CROP TOTALS, PRINCIPAL, INCL POTATOES - ACRES PLANTED",23113000
2019,YEAR,Kentucky,"FIELD CROP TOTALS, PRINCIPAL, INCL POTATOES - ACRES PLANTED",5712000
2019,YEAR,Louisiana,"FIELD CROP TOTALS, PRINCIPAL, INCL POTATOES - ACRES PLANTED",3024000
2019,YEAR,Maine,"FIELD CROP TOTALS, PRINCIPAL, INCL POTATOES - ACRES PLANTED",229000
2019,YEAR,Maryland,"FIELD CROP TOTALS, PRINCIPAL, INCL POTATOES - ACRES PLANTED",1556000
2019,YEAR,Massachusetts,"FIELD CROP TOTALS, PRINCIPAL, INCL POTATOES - ACRES PLANTED",65000
2019,YEAR,Michigan,"FIELD CROP TOTALS, PRINCIPAL, INCL POTATOES - ACRES PLANTED",5541000
2019,YEAR,Minnesota,"FIELD CROP TOTALS, PRINCIPAL, INCL POTATOES - ACRES PLANTED",18349000
2019,YEAR,Mississippi,"FIELD CROP TOTALS, PRINCIPAL, INCL POTATOES - ACRES PLANTED",3822000
2019,YEAR,Missouri,"FIELD CROP TOTALS, PRINCIPAL, INCL POTATOES - ACRES PLANTED",12827000
2019,YEAR,Montana,"FIELD CROP TOTALS, PRINCIPAL, INCL POTATOES - ACRES PLANTED",9946000
2019,YEAR,Nebraska,"FIELD CROP TOTALS, PRINCIPAL, INCL POTATOES - ACRES PLANTED",19176000
2019,YEAR,Nevada,"FIELD CROP TOTALS, PRINCIPAL, INCL POTATOES - ACRES PLANTED",450000
2019,YEAR,New Hampshire,"FIELD CROP TOTALS, PRINCIPAL, INCL POTATOES - ACRES PLANTED",61000
2019,YEAR,New Jersey,"FIELD CROP TOTALS, PRINCIPAL, INCL POTATOES - ACRES PLANTED",282000
2019,YEAR,New Mexico,"FIELD CROP TOTALS, PRINCIPAL, INCL POTATOES - ACRES PLANTED",823000
2019,YEAR,New York,"FIELD CROP TOTALS, PRINCIPAL, INCL POTATOES - ACRES PLANTED",2591000
2019,YEAR,North Carolina,"FIELD CROP TOTALS, PRINCIPAL, INCL POTATOES - ACRES PLANTED",4400000
2019,YEAR,North Dakota,"FIELD CROP TOTALS, PRINCIPAL, INCL POTATOES - ACRES PLANTED",23221000
2019,YEAR,Ohio,"FIELD CROP TOTALS, PRINCIPAL, INCL POTATOES - ACRES PLANTED",8595000
2019,YEAR,Oklahoma,"FIELD CROP TOTALS, PRINCIPAL, INCL POTATOES - ACRES PLANTED",9390000
2019,YEAR,Oregon,"FIELD CROP TOTALS, PRINCIPAL, INCL POTATOES - ACRES PLANTED",1905000
2019,YEAR,Pennsylvania,"FIELD CROP TOTALS, PRINCIPAL, INCL POTATOES - ACRES PLANTED",3686000
2019,YEAR,Rhode Island,"FIELD CROP TOTALS, PRINCIPAL, INCL POTATOES - ACRES PLANTED",7000
2019,YEAR,South Carolina,"FIELD CROP TOTALS, PRINCIPAL, INCL POTATOES - ACRES PLANTED",1428000
2019,YEAR,South Dakota,"FIELD CROP TOTALS, PRINCIPAL, INCL POTATOES - ACRES PLANTED",13816000
2019,YEAR,Tennessee,"FIELD CROP TOTALS, PRINCIPAL, INCL POTATOES - ACRES PLANTED",4836000
2019,YEAR,Texas,"FIELD CROP TOTALS, PRINCIPAL, INCL POTATOES - ACRES PLANTED",21419000
2019,YEAR,Utah,"FIELD CROP TOTALS, PRINCIPAL, INCL POTATOES - ACRES PLANTED",907000
2019,YEAR,Vermont,"FIELD CROP TOTALS, PRINCIPAL, INCL POTATOES - ACRES PLANTED",241000
2019,YEAR,Virginia,"FIELD CROP TOTALS, PRINCIPAL, INCL POTATOES - ACRES PLANTED",2609000
2019,YEAR,Washington,"FIELD CROP TOTALS, PRINCIPAL, INCL POTATOES - ACRES PLANTED",3542000
2019,YEAR,West Virginia,"FIELD CROP TOTALS, PRINCIPAL, INCL POTATOES - ACRES PLANTED",567000
2019,YEAR,Wisconsin,"FIELD CROP TOTALS, PRINCIPAL, INCL POTATOES - ACRES PLANTED",7624000
2019,YEAR,Wyoming,"FIELD CROP TOTALS, PRINCIPAL, INCL POTATOES - ACRES PLANTED",1504000
2019,YEAR - JUN ACREAGE,Alabama,"FIELD CROP TOTALS, PRINCIPAL, INCL POTATOES - ACRES PLANTED",2170000
2019,YEAR - JUN ACREAGE,Alaska,"FIELD CROP TOTALS, PRINCIPAL, INCL POTATOES - ACRES PLANTED",26000
2019,YEAR - JUN ACREAGE,Arizona,"FIELD CROP TOTALS, PRINCIPAL, INCL POTATOES - ACRES PLANTED",641000
2019,YEAR - JUN ACREAGE,Arkansas,"FIELD CROP TOTALS, PRINCIPAL, INCL POTATOES - ACRES PLANTED",7024000
2019,YEAR - JUN ACREAGE,California,"FIELD CROP TOTALS, PRINCIPAL, INCL POTATOES - ACRES PLANTED",2855000
2019,YEAR - JUN ACREAGE,Colorado,"FIELD CROP TOTALS, PRINCIPAL, INCL POTATOES - ACRES PLANTED",6176000
2019,YEAR - JUN ACREAGE,Connecticut,"FIELD CROP TOTALS, PRINCIPAL, INCL POTATOES - ACRES PLANTED",77000
2019,YEAR - JUN ACREAGE,Delaware,"FIELD CROP TOTALS, PRINCIPAL, INCL POTATOES - ACRES PLANTED",449000
2019,YEAR - JUN ACREAGE,Florida,"FIELD CROP TOTALS, PRINCIPAL, INCL POTATOES - ACRES PLANTED",1047000
2019,YEAR - JUN ACREAGE,Georgia,"FIELD CROP TOTALS, PRINCIPAL, INCL POTATOES - ACRES PLANTED",3250000
2019,YEAR - JUN ACREAGE,Idaho,"FIELD CROP TOTALS, PRINCIPAL, INCL POTATOES - ACRES PLANTED",4016000
2019,YEAR - JUN ACREAGE,Illinois,"FIELD CROP TOTALS, PRINCIPAL, INCL POTATOES - ACRES PLANTED",22455000
2019,YEAR - JUN ACREAGE,Indiana,"FIELD CROP TOTALS, PRINCIPAL, INCL POTATOES - ACRES PLANTED",11690000
2019,YEAR - JUN ACREAGE,Iowa,"FIELD CROP TOTALS, PRINCIPAL, INCL POTATOES - ACRES PLANTED",23995000
2019,YEAR - JUN ACREAGE,Kansas,"FIELD CROP TOTALS, PRINCIPAL, INCL POTATOES - ACRES PLANTED",23049000
2019,YEAR - JUN ACREAGE,Kentucky,"FIELD CROP TOTALS, PRINCIPAL, INCL POTATOES - ACRES PLANTED",5983000
2019,YEAR - JUN ACREAGE,Louisiana,"FIELD CROP TOTALS, PRINCIPAL, INCL POTATOES - ACRES PLANTED",3165000
2019,YEAR - JUN ACREAGE,Maine,"FIELD CROP TOTALS, PRINCIPAL, INCL POTATOES - ACRES PLANTED",220000
2019,YEAR - JUN ACREAGE,Maryland,"FIELD CROP TOTALS, PRINCIPAL, INCL POTATOES - ACRES PLANTED",1625000
2019,YEAR - JUN ACREAGE,Massachusetts,"FIELD CROP TOTALS, PRINCIPAL, INCL POTATOES - ACRES PLANTED",85000
2019,YEAR - JUN ACREAGE,Michigan,"FIELD CROP TOTALS, PRINCIPAL, INCL POTATOES - ACRES PLANTED",6225000
2019,YEAR - JUN ACREAGE,Minnesota,"FIELD CROP TOTALS, PRINCIPAL, INCL POTATOES - ACRES PLANTED",18903000
2019,YEAR - JUN ACREAGE,Mississippi,"FIELD CROP TOTALS, PRINCIPAL, INCL POTATOES - ACRES PLANTED",4055000
2019,YEAR - JUN ACREAGE,Missouri,"FIELD CROP TOTALS, PRINCIPAL, INCL POTATOES - ACRES PLANTED",13093000
2019,YEAR - JUN ACREAGE,Montana,"FIELD CROP TOTALS, PRINCIPAL, INCL POTATOES - ACRES PLANTED",9532000
2019,YEAR - JUN ACREAGE,Nebraska,"FIELD CROP TOTALS, PRINCIPAL, INCL POTATOES - ACRES PLANTED",19194000
2019,YEAR - JUN ACREAGE,Nevada,"FIELD CROP TOTALS, PRINCIPAL, INCL POTATOES - ACRES PLANTED",429000
2019,YEAR - JUN ACREAGE,New Hampshire,"FIELD CROP TOTALS, PRINCIPAL, INCL POTATOES - ACRES PLANTED",59000
2019,YEAR - JUN ACREAGE,New Jersey,"FIELD CROP TOTALS, PRINCIPAL, INCL POTATOES - ACRES PLANTED",293000
2019,YEAR - JUN ACREAGE,New Mexico,"FIELD CROP TOTALS, PRINCIPAL, INCL POTATOES - ACRES PLANTED",822000
2019,YEAR - JUN ACREAGE,New York,"FIELD CROP TOTALS, PRINCIPAL, INCL POTATOES - ACRES PLANTED",2782000
2019,YEAR - JUN ACREAGE,North Carolina,"FIELD CROP TOTALS, PRINCIPAL, INCL POTATOES - ACRES PLANTED",4303000
2019,YEAR - JUN ACREAGE,North Dakota,"FIELD CROP TOTALS, PRINCIPAL, INCL POTATOES - ACRES PLANTED",23646000
2019,YEAR - JUN ACREAGE,Ohio,"FIELD CROP TOTALS, PRINCIPAL, INCL POTATOES - ACRES PLANTED",9490000
2019,YEAR - JUN ACREAGE,Oklahoma,"FIELD CROP TOTALS, PRINCIPAL, INCL POTATOES - ACRES PLANTED",9974000
2019,YEAR - JUN ACREAGE,Oregon,"FIELD CROP TOTALS, PRINCIPAL, INCL POTATOES - ACRES PLANTED",2007000
2019,YEAR - JUN ACREAGE,Other States,"FIELD CROP TOTALS, PRINCIPAL, INCL POTATOES - ACRES PLANTED",1150000
2019,YEAR - JUN ACREAGE,Pennsylvania,"FIELD CROP TOTALS, PRINCIPAL, INCL POTATOES - ACRES PLANTED",3636000
2019,YEAR - JUN ACREAGE,Rhode Island,"FIELD CROP TOTALS, PRINCIPAL, INCL POTATOES - ACRES PLANTED",9000
2019,YEAR - JUN ACREAGE,South Carolina,"FIELD CROP TOTALS, PRINCIPAL, INCL POTATOES - ACRES PLANTED",1530000
2019,YEAR - JUN ACREAGE,South Dakota,"FIELD CROP TOTALS, PRINCIPAL, INCL POTATOES - ACRES PLANTED",15146000
2019,YEAR - JUN ACREAGE,Tennessee,"FIELD CROP TOTALS, PRINCIPAL, INCL POTATOES - ACRES PLANTED",4950000
2019,YEAR - JUN ACREAGE,Texas,"FIELD CROP TOTALS, PRINCIPAL, INCL POTATOES - ACRES PLANTED",20716000
2019,YEAR - JUN ACREAGE,Utah,"FIELD CROP TOTALS, PRINCIPAL, INCL POTATOES - ACRES PLANTED",907000
2019,YEAR - JUN ACREAGE,Vermont,"FIELD CROP TOTALS, PRINCIPAL, INCL POTATOES - ACRES PLANTED",247000
2019,YEAR - JUN ACREAGE,Virginia,"FIELD CROP TOTALS, PRINCIPAL, INCL POTATOES - ACRES PLANTED",2608000
2019,YEAR - JUN ACREAGE,Washington,"FIELD CROP TOTALS, PRINCIPAL, INCL POTATOES - ACRES PLANTED",3557000
2019,YEAR - JUN ACREAGE,West Virginia,"FIELD CROP TOTALS, PRINCIPAL, INCL POTATOES - ACRES PLANTED",546000
2019,YEAR - JUN ACREAGE,Wisconsin,"FIELD CROP TOTALS, PRINCIPAL, INCL POTATOES - ACRES PLANTED",7991000
2019,YEAR - JUN ACREAGE,Wyoming,"FIELD CROP TOTALS, PRINCIPAL, INCL POTATOES - ACRES PLANTED",1513000
2019,YEAR - MAR ACREAGE,Alabama,"FIELD CROP TOTALS, PRINCIPAL, INCL POTATOES - ACRES PLANTED",2180000
2019,YEAR - MAR ACREAGE,Alaska,"FIELD CROP TOTALS, PRINCIPAL, INCL POTATOES - ACRES PLANTED",27000
2019,YEAR - MAR ACREAGE,Arizona,"FIELD CROP TOTALS, PRINCIPAL, INCL POTATOES - ACRES PLANTED",588000
2019,YEAR - MAR ACREAGE,Arkansas,"FIELD CROP TOTALS, PRINCIPAL, INCL POTATOES - ACRES PLANTED",7254000
2019,YEAR - MAR ACREAGE,California,"FIELD CROP TOTALS, PRINCIPAL, INCL POTATOES - ACRES PLANTED",2795000
2019,YEAR - MAR ACREAGE,Colorado,"FIELD CROP TOTALS, PRINCIPAL, INCL POTATOES - ACRES PLANTED",6039000
2019,YEAR - MAR ACREAGE,Connecticut,"FIELD CROP TOTALS, PRINCIPAL, INCL POTATOES - ACRES PLANTED",61000
2019,YEAR - MAR ACREAGE,Delaware,"FIELD CROP TOTALS, PRINCIPAL, INCL POTATOES - ACRES PLANTED",435000
2019,YEAR - MAR ACREAGE,Florida,"FIELD CROP TOTALS, PRINCIPAL, INCL POTATOES - ACRES PLANTED",1074000
2019,YEAR - MAR ACREAGE,Georgia,"FIELD CROP TOTALS, PRINCIPAL, INCL POTATOES - ACRES PLANTED",3622000
2019,YEAR - MAR ACREAGE,Idaho,"FIELD CROP TOTALS, PRINCIPAL, INCL POTATOES - ACRES PLANTED",4007000
2019,YEAR - MAR ACREAGE,Illinois,"FIELD CROP TOTALS, PRINCIPAL, INCL POTATOES - ACRES PLANTED",22853000
2019,YEAR - MAR ACREAGE,Indiana,"FIELD CROP TOTALS, PRINCIPAL, INCL POTATOES - ACRES PLANTED",12050000
2019,YEAR - MAR ACREAGE,Iowa,"FIELD CROP TOTALS, PRINCIPAL, INCL POTATOES - ACRES PLANTED",24185000
2019,YEAR - MAR ACREAGE,Kansas,"FIELD CROP TOTALS, PRINCIPAL, INCL POTATOES - ACRES PLANTED",23272000
2019,YEAR - MAR ACREAGE,Kentucky,"FIELD CROP TOTALS, PRINCIPAL, INCL POTATOES - ACRES PLANTED",5688000
2019,YEAR - MAR ACREAGE,Louisiana,"FIELD CROP TOTALS, PRINCIPAL, INCL POTATOES - ACRES PLANTED",3209000
2019,YEAR - MAR ACREAGE,Maine,"FIELD CROP TOTALS, PRINCIPAL, INCL POTATOES - ACRES PLANTED",252000
2019,YEAR - MAR ACREAGE,Maryland,"FIELD CROP TOTALS, PRINCIPAL, INCL POTATOES - ACRES PLANTED",1627000
2019,YEAR - MAR ACREAGE,Massachusetts,"FIELD CROP TOTALS, PRINCIPAL, INCL POTATOES - ACRES PLANTED",99000
2019,YEAR - MAR ACREAGE,Michigan,"FIELD CROP TOTALS, PRINCIPAL, INCL POTATOES - ACRES PLANTED",6379000
2019,YEAR - MAR ACREAGE,Minnesota,"FIELD CROP TOTALS, PRINCIPAL, INCL POTATOES - ACRES PLANTED",19322000
2019,YEAR - MAR ACREAGE,Mississippi,"FIELD CROP TOTALS, PRINCIPAL, INCL POTATOES - ACRES PLANTED",4075000
2019,YEAR - MAR ACREAGE,Missouri,"FIELD CROP TOTALS, PRINCIPAL, INCL POTATOES - ACRES PLANTED",13387000
2019,YEAR - MAR ACREAGE,Montana,"FIELD CROP TOTALS, PRINCIPAL, INCL POTATOES - ACRES PLANTED",9393000
2019,YEAR - MAR ACREAGE,Nebraska,"FIELD CROP TOTALS, PRINCIPAL, INCL POTATOES - ACRES PLANTED",19603000
2019,YEAR - MAR ACREAGE,Nevada,"FIELD CROP TOTALS, PRINCIPAL, INCL POTATOES - ACRES PLANTED",351000
2019,YEAR - MAR ACREAGE,New Hampshire,"FIELD CROP TOTALS, PRINCIPAL, INCL POTATOES - ACRES PLANTED",62000
2019,YEAR - MAR ACREAGE,New Jersey,"FIELD CROP TOTALS, PRINCIPAL, INCL POTATOES - ACRES PLANTED",306000
2019,YEAR - MAR ACREAGE,New Mexico,"FIELD CROP TOTALS, PRINCIPAL, INCL POTATOES - ACRES PLANTED",768000
2019,YEAR - MAR ACREAGE,New York,"FIELD CROP TOTALS, PRINCIPAL, INCL POTATOES - ACRES PLANTED",2994000
2019,YEAR - MAR ACREAGE,North Carolina,"FIELD CROP TOTALS, PRINCIPAL, INCL POTATOES - ACRES PLANTED",4381000
2019,YEAR - MAR ACREAGE,North Dakota,"FIELD CROP TOTALS, PRINCIPAL, INCL POTATOES - ACRES PLANTED",24483000
2019,YEAR - MAR ACREAGE,Ohio,"FIELD CROP TOTALS, PRINCIPAL, INCL POTATOES - ACRES PLANTED",9905000
2019,YEAR - MAR ACREAGE,Oklahoma,"FIELD CROP TOTALS, PRINCIPAL, INCL POTATOES - ACRES PLANTED",9615000
2019,YEAR - MAR ACREAGE,Oregon,"FIELD CROP TOTALS, PRINCIPAL, INCL POTATOES - ACRES PLANTED",1981000
2019,YEAR - MAR ACREAGE,Other States,"FIELD CROP TOTALS, PRINCIPAL, INCL POTATOES - ACRES PLANTED",1581000
2019,YEAR - MAR ACREAGE,Pennsylvania,"FIELD CROP TOTALS, PRINCIPAL, INCL POTATOES - ACRES PLANTED",3558000
2019,YEAR - MAR ACREAGE,Rhode Island,"FIELD CROP TOTALS, PRINCIPAL, INCL POTATOES - ACRES PLANTED",8000
2019,YEAR - MAR ACREAGE,South Carolina,"FIELD CROP TOTALS, PRINCIPAL, INCL POTATOES - ACRES PLANTED",1426000
2019,YEAR - MAR ACREAGE,South Dakota,"FIELD CROP TOTALS, PRINCIPAL, INCL POTATOES - ACRES PLANTED",17163000
2019,YEAR - MAR ACREAGE,Tennessee,"FIELD CROP TOTALS, PRINCIPAL, INCL POTATOES - ACRES PLANTED",4702000
2019,YEAR - MAR ACREAGE,Texas,"FIELD CROP TOTALS, PRINCIPAL, INCL POTATOES - ACRES PLANTED",21392000
2019,YEAR - MAR ACREAGE,Utah,"FIELD CROP TOTALS, PRINCIPAL, INCL POTATOES - ACRES PLANTED",829000
2019,YEAR - MAR ACREAGE,Vermont,"FIELD CROP TOTALS, PRINCIPAL, INCL POTATOES - ACRES PLANTED",273000
2019,YEAR - MAR ACREAGE,Virginia,"FIELD CROP TOTALS, PRINCIPAL, INCL POTATOES - ACRES PLANTED",2562000
2019,YEAR - MAR ACREAGE,Washington,"FIELD CROP TOTALS, PRINCIPAL, INCL POTATOES - ACRES PLANTED",3583000
2019,YEAR - MAR ACREAGE,West Virginia,"FIELD CROP TOTALS, PRINCIPAL, INCL POTATOES - ACRES PLANTED",551000
2019,YEAR - MAR ACREAGE,Wisconsin,"FIELD CROP TOTALS, PRINCIPAL, INCL POTATOES - ACRES PLANTED",7980000
2019,YEAR - MAR ACREAGE,Wyoming,"FIELD CROP TOTALS, PRINCIPAL, INCL POTATOES - ACRES PLANTED",1424000
2018,YEAR,Alabama,"FIELD CROP TOTALS, PRINCIPAL, INCL POTATOES - ACRES PLANTED",2325000
2018,YEAR,Alaska,"FIELD CROP TOTALS, PRINCIPAL, INCL POTATOES - ACRES PLANTED",28000
2018,YEAR,Arizona,"FIELD CROP TOTALS, PRINCIPAL, INCL POTATOES - ACRES PLANTED",665000
2018,YEAR,Arkansas,"FIELD CROP TOTALS, PRINCIPAL, INCL POTATOES - ACRES PLANTED",7282000
2018,YEAR,California,"FIELD CROP TOTALS, PRINCIPAL, INCL POTATOES - ACRES PLANTED",2946000
2018,YEAR,Colorado,"FIELD CROP TOTALS, PRINCIPAL, INCL POTATOES - ACRES PLANTED",6140000
2018,YEAR,Connecticut,"FIELD CROP TOTALS, PRINCIPAL, INCL POTATOES - ACRES PLANTED",70000
2018,YEAR,Delaware,"FIELD CROP TOTALS, PRINCIPAL, INCL POTATOES - ACRES PLANTED",453000
2018,YEAR,Florida,"FIELD CROP TOTALS, PRINCIPAL, INCL POTATOES - ACRES PLANTED",1114000
2018,YEAR,Georgia,"FIELD CROP TOTALS, PRINCIPAL, INCL POTATOES - ACRES PLANTED",3653000
2018,YEAR,Idaho,"FIELD CROP TOTALS, PRINCIPAL, INCL POTATOES - ACRES PLANTED",4177000
2018,YEAR,Illinois,"FIELD CROP TOTALS, PRINCIPAL, INCL POTATOES - ACRES PLANTED",22936000
2018,YEAR,Indiana,"FIELD CROP TOTALS, PRINCIPAL, INCL POTATOES - ACRES PLANTED",12120000
2018,YEAR,Iowa,"FIELD CROP TOTALS, PRINCIPAL, INCL POTATOES - ACRES PLANTED",24241000
2018,YEAR,Kansas,"FIELD CROP TOTALS, PRINCIPAL, INCL POTATOES - ACRES PLANTED",23465000
2018,YEAR,Kentucky,"FIELD CROP TOTALS, PRINCIPAL, INCL POTATOES - ACRES PLANTED",5693000
2018,YEAR,Louisiana,"FIELD CROP TOTALS, PRINCIPAL, INCL POTATOES - ACRES PLANTED",3287000
2018,YEAR,Maine,"FIELD CROP TOTALS, PRINCIPAL, INCL POTATOES - ACRES PLANTED",227000
2018,YEAR,Maryland,"FIELD CROP TOTALS, PRINCIPAL, INCL POTATOES - ACRES PLANTED",1572000
2018,YEAR,Massachusetts,"FIELD CROP TOTALS, PRINCIPAL, INCL POTATOES - ACRES PLANTED",93000
2018,YEAR,Michigan,"FIELD CROP TOTALS, PRINCIPAL, INCL POTATOES - ACRES PLANTED",6390000
2018,YEAR,Minnesota,"FIELD CROP TOTALS, PRINCIPAL, INCL POTATOES - ACRES PLANTED",19484000
2018,YEAR,Mississippi,"FIELD CROP TOTALS, PRINCIPAL, INCL POTATOES - ACRES PLANTED",4144000
2018,YEAR,Missouri,"FIELD CROP TOTALS, PRINCIPAL, INCL POTATOES - ACRES PLANTED",13782000
2018,YEAR,Montana,"FIELD CROP TOTALS, PRINCIPAL, INCL POTATOES - ACRES PLANTED",9835000
2018,YEAR,Nebraska,"FIELD CROP TOTALS, PRINCIPAL, INCL POTATOES - ACRES PLANTED",19742000
2018,YEAR,Nevada,"FIELD CROP TOTALS, PRINCIPAL, INCL POTATOES - ACRES PLANTED",401000
2018,YEAR,New Hampshire,"FIELD CROP TOTALS, PRINCIPAL, INCL POTATOES - ACRES PLANTED",52000
2018,YEAR,New Jersey,"FIELD CROP TOTALS, PRINCIPAL, INCL POTATOES - ACRES PLANTED",314000
2018,YEAR,New Mexico,"FIELD CROP TOTALS, PRINCIPAL, INCL POTATOES - ACRES PLANTED",874000
2018,YEAR,New York,"FIELD CROP TOTALS, PRINCIPAL, INCL POTATOES - ACRES PLANTED",2828000
2018,YEAR,North Carolina,"FIELD CROP TOTALS, PRINCIPAL, INCL POTATOES - ACRES PLANTED",4593000
2018,YEAR,North Dakota,"FIELD CROP TOTALS, PRINCIPAL, INCL POTATOES - ACRES PLANTED",24163000
2018,YEAR,Ohio,"FIELD CROP TOTALS, PRINCIPAL, INCL POTATOES - ACRES PLANTED",10065000
2018,YEAR,Oklahoma,"FIELD CROP TOTALS, PRINCIPAL, INCL POTATOES - ACRES PLANTED",10036000
2018,YEAR,Oregon,"FIELD CROP TOTALS, PRINCIPAL, INCL POTATOES - ACRES PLANTED",1997000
2018,YEAR,Other States,"FIELD CROP TOTALS, PRINCIPAL, INCL POTATOES - ACRES PLANTED",1581000
2018,YEAR,Pennsylvania,"FIELD CROP TOTALS, PRINCIPAL, INCL POTATOES - ACRES PLANTED",3443000
2018,YEAR,Rhode Island,"FIELD CROP TOTALS, PRINCIPAL, INCL POTATOES - ACRES PLANTED",8000
2018,YEAR,South Carolina,"FIELD CROP TOTALS, PRINCIPAL, INCL POTATOES - ACRES PLANTED",1498000
2018,YEAR,South Dakota,"FIELD CROP TOTALS, PRINCIPAL, INCL POTATOES - ACRES PLANTED",17300000
2018,YEAR,Tennessee,"FIELD CROP TOTALS, PRINCIPAL, INCL POTATOES - ACRES PLANTED",4896000
2018,YEAR,Texas,"FIELD CROP TOTALS, PRINCIPAL, INCL POTATOES - ACRES PLANTED",21833000
2018,YEAR,Utah,"FIELD CROP TOTALS, PRINCIPAL, INCL POTATOES - ACRES PLANTED",871000
2018,YEAR,Vermont,"FIELD CROP TOTALS, PRINCIPAL, INCL POTATOES - ACRES PLANTED",255000
2018,YEAR,Virginia,"FIELD CROP TOTALS, PRINCIPAL, INCL POTATOES - ACRES PLANTED",2634000
2018,YEAR,Washington,"FIELD CROP TOTALS, PRINCIPAL, INCL POTATOES - ACRES PLANTED",3697000
2018,YEAR,West Virginia,"FIELD CROP TOTALS, PRINCIPAL, INCL POTATOES - ACRES PLANTED",617000
2018,YEAR,Wisconsin,"FIELD CROP TOTALS, PRINCIPAL, INCL POTATOES - ACRES PLANTED",8014000
2018,YEAR,Wyoming,"FIELD CROP TOTALS, PRINCIPAL, INCL POTATOES - ACRES PLANTED",1474000
2018,YEAR - JUN ACREAGE,Alabama,"FIELD CROP TOTALS, PRINCIPAL, INCL POTATOES - ACRES PLANTED",2335000
2018,YEAR - JUN ACREAGE,Alaska,"FIELD CROP TOTALS, PRINCIPAL, INCL POTATOES - ACRES PLANTED",28000
2018,YEAR - JUN ACREAGE,Arizona,"FIELD CROP TOTALS, PRINCIPAL, INCL POTATOES - ACRES PLANTED",653000
2018,YEAR - JUN ACREAGE,Arkansas,"FIELD CROP TOTALS, PRINCIPAL, INCL POTATOES - ACRES PLANTED",7556000
2018,YEAR - JUN ACREAGE,California,"FIELD CROP TOTALS, PRINCIPAL, INCL POTATOES - ACRES PLANTED",3054000
2018,YEAR - JUN ACREAGE,Colorado,"FIELD CROP TOTALS, PRINCIPAL, INCL POTATOES - ACRES PLANTED",6136000
2018,YEAR - JUN ACREAGE,Connecticut,"FIELD CROP TOTALS, PRINCIPAL, INCL POTATOES - ACRES PLANTED",76000
2018,YEAR - JUN ACREAGE,Delaware,"FIELD CROP TOTALS, PRINCIPAL, INCL POTATOES - ACRES PLANTED",406000
2018,YEAR - JUN ACREAGE,Florida,"FIELD CROP TOTALS, PRINCIPAL, INCL POTATOES - ACRES PLANTED",1104000
2018,YEAR - JUN ACREAGE,Georgia,"FIELD CROP TOTALS, PRINCIPAL, INCL POTATOES - ACRES PLANTED",3788000
2018,YEAR - JUN ACREAGE,Idaho,"FIELD CROP TOTALS, PRINCIPAL, INCL POTATOES - ACRES PLANTED",4301000
2018,YEAR - JUN ACREAGE,Illinois,"FIELD CROP TOTALS, PRINCIPAL, INCL POTATOES - ACRES PLANTED",23038000
2018,YEAR - JUN ACREAGE,Indiana,"FIELD CROP TOTALS, PRINCIPAL, INCL POTATOES - ACRES PLANTED",12240000
2018,YEAR - JUN ACREAGE,Iowa,"FIELD CROP TOTALS, PRINCIPAL, INCL POTATOES - ACRES PLANTED",24550000
2018,YEAR - JUN ACREAGE,Kansas,"FIELD CROP TOTALS, PRINCIPAL, INCL POTATOES - ACRES PLANTED",23758000
2018,YEAR - JUN ACREAGE,Kentucky,"FIELD CROP TOTALS, PRINCIPAL, INCL POTATOES - ACRES PLANTED",6182000
2018,YEAR - JUN ACREAGE,Louisiana,"FIELD CROP TOTALS, PRINCIPAL, INCL POTATOES - ACRES PLANTED",3255000
2018,YEAR - JUN ACREAGE,Maine,"FIELD CROP TOTALS, PRINCIPAL, INCL POTATOES - ACRES PLANTED",234000
2018,YEAR - JUN ACREAGE,Maryland,"FIELD CROP TOTALS, PRINCIPAL, INCL POTATOES - ACRES PLANTED",1582000
2018,YEAR - JUN ACREAGE,Massachusetts,"FIELD CROP TOTALS, PRINCIPAL, INCL POTATOES - ACRES PLANTED",104000
2018,YEAR - JUN ACREAGE,Michigan,"FIELD CROP TOTALS, PRINCIPAL, INCL POTATOES - ACRES PLANTED",6549000
2018,YEAR - JUN ACREAGE,Minnesota,"FIELD CROP TOTALS, PRINCIPAL, INCL POTATOES - ACRES PLANTED",19629000
2018,YEAR - JUN ACREAGE,Mississippi,"FIELD CROP TOTALS, PRINCIPAL, INCL POTATOES - ACRES PLANTED",4075000
2018,YEAR - JUN ACREAGE,Missouri,"FIELD CROP TOTALS, PRINCIPAL, INCL POTATOES - ACRES PLANTED",14048000
2018,YEAR - JUN ACREAGE,Montana,"FIELD CROP TOTALS, PRINCIPAL, INCL POTATOES - ACRES PLANTED",9414000
2018,YEAR - JUN ACREAGE,Nebraska,"FIELD CROP TOTALS, PRINCIPAL, INCL POTATOES - ACRES PLANTED",19718000
2018,YEAR - JUN ACREAGE,Nevada,"FIELD CROP TOTALS, PRINCIPAL, INCL POTATOES - ACRES PLANTED",379000
2018,YEAR - JUN ACREAGE,New Hampshire,"FIELD CROP TOTALS, PRINCIPAL, INCL POTATOES - ACRES PLANTED",58000
2018,YEAR - JUN ACREAGE,New Jersey,"FIELD CROP TOTALS, PRINCIPAL, INCL POTATOES - ACRES PLANTED",357000
2018,YEAR - JUN ACREAGE,New Mexico,"FIELD CROP TOTALS, PRINCIPAL, INCL POTATOES - ACRES PLANTED",935000
2018,YEAR - JUN ACREAGE,New York,"FIELD CROP TOTALS, PRINCIPAL, INCL POTATOES - ACRES PLANTED",3026000
2018,YEAR - JUN ACREAGE,North Carolina,"FIELD CROP TOTALS, PRINCIPAL, INCL POTATOES - ACRES PLANTED",4511000
2018,YEAR - JUN ACREAGE,North Dakota,"FIELD CROP TOTALS, PRINCIPAL, INCL POTATOES - ACRES PLANTED",24269000
2018,YEAR - JUN ACREAGE,Ohio,"FIELD CROP TOTALS, PRINCIPAL, INCL POTATOES - ACRES PLANTED",10150000
2018,YEAR - JUN ACREAGE,Oklahoma,"FIELD CROP TOTALS, PRINCIPAL, INCL POTATOES - ACRES PLANTED",9876000
2018,YEAR - JUN ACREAGE,Oregon,"FIELD CROP TOTALS, PRINCIPAL, INCL POTATOES - ACRES PLANTED",2032000
2018,YEAR - JUN ACREAGE,Other States,"FIELD CROP TOTALS, PRINCIPAL, INCL POTATOES - ACRES PLANTED",1532000
2018,YEAR - JUN ACREAGE,Pennsylvania,"FIELD CROP TOTALS, PRINCIPAL, INCL POTATOES - ACRES PLANTED",3668000
2018,YEAR - JUN ACREAGE,Rhode Island,"FIELD CROP TOTALS, PRINCIPAL, INCL POTATOES - ACRES PLANTED",8000
2018,YEAR - JUN ACREAGE,South Carolina,"FIELD CROP TOTALS, PRINCIPAL, INCL POTATOES - ACRES PLANTED",1484000
2018,YEAR - JUN ACREAGE,South Dakota,"FIELD CROP TOTALS, PRINCIPAL, INCL POTATOES - ACRES PLANTED",17229000
2018,YEAR - JUN ACREAGE,Tennessee,"FIELD CROP TOTALS, PRINCIPAL, INCL POTATOES - ACRES PLANTED",5105000
2018,YEAR - JUN ACREAGE,Texas,"FIELD CROP TOTALS, PRINCIPAL, INCL POTATOES - ACRES PLANTED",21998000
2018,YEAR - JUN ACREAGE,Utah,"FIELD CROP TOTALS, PRINCIPAL, INCL POTATOES - ACRES PLANTED",933000
2018,YEAR - JUN ACREAGE,Vermont,"FIELD CROP TOTALS, PRINCIPAL, INCL POTATOES - ACRES PLANTED",249000
2018,YEAR - JUN ACREAGE,Virginia,"FIELD CROP TOTALS, PRINCIPAL, INCL POTATOES - ACRES PLANTED",2602000
2018,YEAR - JUN ACREAGE,Washington,"FIELD CROP TOTALS, PRINCIPAL, INCL POTATOES - ACRES PLANTED",3645000
2018,YEAR - JUN ACREAGE,West Virginia,"FIELD CROP TOTALS, PRINCIPAL, INCL POTATOES - ACRES PLANTED",667000
2018,YEAR - JUN ACREAGE,Wisconsin,"FIELD CROP TOTALS, PRINCIPAL, INCL POTATOES - ACRES PLANTED",8075000
2018,YEAR - JUN ACREAGE,Wyoming,"FIELD CROP TOTALS, PRINCIPAL, INCL POTATOES - ACRES PLANTED",1452000
2018,YEAR - MAR ACREAGE,Alabama,"FIELD CROP TOTALS, PRINCIPAL, INCL POTATOES - ACRES PLANTED",2325000
2018,YEAR - MAR ACREAGE,Arizona,"FIELD CROP TOTALS, PRINCIPAL, INCL POTATOES - ACRES PLANTED",657000
2018,YEAR - MAR ACREAGE,Arkansas,"FIELD CROP TOTALS, PRINCIPAL, INCL POTATOES - ACRES PLANTED",7478000
2018,YEAR - MAR ACREAGE,California,"FIELD CROP TOTALS, PRINCIPAL, INCL POTATOES - ACRES PLANTED",2985000
2018,YEAR - MAR ACREAGE,Colorado,"FIELD CROP TOTALS, PRINCIPAL, INCL POTATOES - ACRES PLANTED",6409000
2018,YEAR - MAR ACREAGE,Connecticut,"FIELD CROP TOTALS, PRINCIPAL, INCL POTATOES - ACRES PLANTED",69000
2018,YEAR - MAR ACREAGE,Delaware,"FIELD CROP TOTALS, PRINCIPAL, INCL POTATOES - ACRES PLANTED",432000
2018,YEAR - MAR ACREAGE,Florida,"FIELD CROP TOTALS, PRINCIPAL, INCL POTATOES - ACRES PLANTED",1099000
2018,YEAR - MAR ACREAGE,Georgia,"FIELD CROP TOTALS, PRINCIPAL, INCL POTATOES - ACRES PLANTED",3773000
2018,YEAR - MAR ACREAGE,Idaho,"FIELD CROP TOTALS, PRINCIPAL, INCL POTATOES - ACRES PLANTED",4283000
2018,YEAR - MAR ACREAGE,Illinois,"FIELD CROP TOTALS, PRINCIPAL, INCL POTATOES - ACRES PLANTED",22705000
2018,YEAR - MAR ACREAGE,Indiana,"FIELD CROP TOTALS, PRINCIPAL, INCL POTATOES - ACRES PLANTED",12030000
2018,YEAR - MAR ACREAGE,Iowa,"FIELD CROP TOTALS, PRINCIPAL, INCL POTATOES - ACRES PLANTED",24360000
2018,YEAR - MAR ACREAGE,Kansas,"FIELD CROP TOTALS, PRINCIPAL, INCL POTATOES - ACRES PLANTED",23514000
2018,YEAR - MAR ACREAGE,Kentucky,"FIELD CROP TOTALS, PRINCIPAL, INCL POTATOES - ACRES PLANTED",5864000
2018,YEAR - MAR ACREAGE,Louisiana,"FIELD CROP TOTALS, PRINCIPAL, INCL POTATOES - ACRES PLANTED",3225000
2018,YEAR - MAR ACREAGE,Maine,"FIELD CROP TOTALS, PRINCIPAL, INCL POTATOES - ACRES PLANTED",244000
2018,YEAR - MAR ACREAGE,Maryland,"FIELD CROP TOTALS, PRINCIPAL, INCL POTATOES - ACRES PLANTED",1528000
2018,YEAR - MAR ACREAGE,Massachusetts,"FIELD CROP TOTALS, PRINCIPAL, INCL POTATOES - ACRES PLANTED",109000
2018,YEAR - MAR ACREAGE,Michigan,"FIELD CROP TOTALS, PRINCIPAL, INCL POTATOES - ACRES PLANTED",6333000
2018,YEAR - MAR ACREAGE,Minnesota,"FIELD CROP TOTALS, PRINCIPAL, INCL POTATOES - ACRES PLANTED",19549000
2018,YEAR - MAR ACREAGE,Mississippi,"FIELD CROP TOTALS, PRINCIPAL, INCL POTATOES - ACRES PLANTED",4065000
2018,YEAR - MAR ACREAGE,Missouri,"FIELD CROP TOTALS, PRINCIPAL, INCL POTATOES - ACRES PLANTED",13553000
2018,YEAR - MAR ACREAGE,Montana,"FIELD CROP TOTALS, PRINCIPAL, INCL POTATOES - ACRES PLANTED",9069000
2018,YEAR - MAR ACREAGE,Nebraska,"FIELD CROP TOTALS, PRINCIPAL, INCL POTATOES - ACRES PLANTED",19363000
2018,YEAR - MAR ACREAGE,Nevada,"FIELD CROP TOTALS, PRINCIPAL, INCL POTATOES - ACRES PLANTED",431000
2018,YEAR - MAR ACREAGE,New Hampshire,"FIELD CROP TOTALS, PRINCIPAL, INCL POTATOES - ACRES PLANTED",70000
2018,YEAR - MAR ACREAGE,New Jersey,"FIELD CROP TOTALS, PRINCIPAL, INCL POTATOES - ACRES PLANTED",326000
2018,YEAR - MAR ACREAGE,New Mexico,"FIELD CROP TOTALS, PRINCIPAL, INCL POTATOES - ACRES PLANTED",919000
2018,YEAR - MAR ACREAGE,New York,"FIELD CROP TOTALS, PRINCIPAL, INCL POTATOES - ACRES PLANTED",2795000
2018,YEAR - MAR ACREAGE,North Carolina,"FIELD CROP TOTALS, PRINCIPAL, INCL POTATOES - ACRES PLANTED",4390000
2018,YEAR - MAR ACREAGE,North Dakota,"FIELD CROP TOTALS, PRINCIPAL, INCL POTATOES - ACRES PLANTED",24024000
2018,YEAR - MAR ACREAGE,Ohio,"FIELD CROP TOTALS, PRINCIPAL, INCL POTATOES - ACRES PLANTED",10050000
2018,YEAR - MAR ACREAGE,Oklahoma,"FIELD CROP TOTALS, PRINCIPAL, INCL POTATOES - ACRES PLANTED",9751000
2018,YEAR - MAR ACREAGE,Oregon,"FIELD CROP TOTALS, PRINCIPAL, INCL POTATOES - ACRES PLANTED",2011000
2018,YEAR - MAR ACREAGE,Other States,"FIELD CROP TOTALS, PRINCIPAL, INCL POTATOES - ACRES PLANTED",1491000
2018,YEAR - MAR ACREAGE,Pennsylvania,"FIELD CROP TOTALS, PRINCIPAL, INCL POTATOES - ACRES PLANTED",3583000
2018,YEAR - MAR ACREAGE,Rhode Island,"FIELD CROP TOTALS, PRINCIPAL, INCL POTATOES - ACRES PLANTED",8000
2018,YEAR - MAR ACREAGE,South Carolina,"FIELD CROP TOTALS, PRINCIPAL, INCL POTATOES - ACRES PLANTED",1455000
2018,YEAR - MAR ACREAGE,South Dakota,"FIELD CROP TOTALS, PRINCIPAL, INCL POTATOES - ACRES PLANTED",17557000
2018,YEAR - MAR ACREAGE,Tennessee,"FIELD CROP TOTALS, PRINCIPAL, INCL POTATOES - ACRES PLANTED",4768000
2018,YEAR - MAR ACREAGE,Texas,"FIELD CROP TOTALS, PRINCIPAL, INCL POTATOES - ACRES PLANTED",21829000
2018,YEAR - MAR ACREAGE,Utah,"FIELD CROP TOTALS, PRINCIPAL, INCL POTATOES - ACRES PLANTED",942000
2018,YEAR - MAR ACREAGE,Vermont,"FIELD CROP TOTALS, PRINCIPAL, INCL POTATOES - ACRES PLANTED",275000
2018,YEAR - MAR ACREAGE,Virginia,"FIELD CROP TOTALS, PRINCIPAL, INCL POTATOES - ACRES PLANTED",2702000
2018,YEAR - MAR ACREAGE,Washington,"FIELD CROP TOTALS, PRINCIPAL, INCL POTATOES - ACRES PLANTED",3690000
2018,YEAR - MAR ACREAGE,West Virginia,"FIELD CROP TOTALS, PRINCIPAL, INCL POTATOES - ACRES PLANTED",653000
2018,YEAR - MAR ACREAGE,Wisconsin,"FIELD CROP TOTALS, PRINCIPAL, INCL POTATOES - ACRES PLANTED",7778000
2018,YEAR - MAR ACREAGE,Wyoming,"FIELD CROP TOTALS, PRINCIPAL, INCL POTATOES - ACRES PLANTED",1474000
2017,YEAR,Alabama,"FIELD CROP TOTALS, PRINCIPAL, INCL POTATOES - ACRES PLANTED",2280000
2017,YEAR,Arizona,"FIELD CROP TOTALS, PRINCIPAL, INCL POTATOES - ACRES PLANTED",700000
2017,YEAR,Arkansas,"FIELD CROP TOTALS, PRINCIPAL, INCL POTATOES - ACRES PLANTED",7299000
2017,YEAR,California,"FIELD CROP TOTALS, PRINCIPAL, INCL POTATOES - ACRES PLANTED",3096000
2017,YEAR,Colorado,"FIELD CROP TOTALS, PRINCIPAL, INCL POTATOES - ACRES PLANTED",6245000
2017,YEAR,Connecticut,"FIELD CROP TOTALS, PRINCIPAL, INCL POTATOES - ACRES PLANTED",72000
2017,YEAR,Delaware,"FIELD CROP TOTALS, PRINCIPAL, INCL POTATOES - ACRES PLANTED",462000
2017,YEAR,Florida,"FIELD CROP TOTALS, PRINCIPAL, INCL POTATOES - ACRES PLANTED",1146000
2017,YEAR,Georgia,"FIELD CROP TOTALS, PRINCIPAL, INCL POTATOES - ACRES PLANTED",3634000
2017,YEAR,Hawaii,"FIELD CROP TOTALS, PRINCIPAL, INCL POTATOES - ACRES PLANTED",0
2017,YEAR,Idaho,"FIELD CROP TOTALS, PRINCIPAL, INCL POTATOES - ACRES PLANTED",4205000
2017,YEAR,Illinois,"FIELD CROP TOTALS, PRINCIPAL, INCL POTATOES - ACRES PLANTED",22851000
2017,YEAR,Indiana,"FIELD CROP TOTALS, PRINCIPAL, INCL POTATOES - ACRES PLANTED",12130000
2017,YEAR,Iowa,"FIELD CROP TOTALS, PRINCIPAL, INCL POTATOES - ACRES PLANTED",24491000
2017,YEAR,Kansas,"FIELD CROP TOTALS, PRINCIPAL, INCL POTATOES - ACRES PLANTED",23633000
2017,YEAR,Kentucky,"FIELD CROP TOTALS, PRINCIPAL, INCL POTATOES - ACRES PLANTED",5956000
2017,YEAR,Louisiana,"FIELD CROP TOTALS, PRINCIPAL, INCL POTATOES - ACRES PLANTED",3275000
2017,YEAR,Maine,"FIELD CROP TOTALS, PRINCIPAL, INCL POTATOES - ACRES PLANTED",226000
2017,YEAR,Maryland,"FIELD CROP TOTALS, PRINCIPAL, INCL POTATOES - ACRES PLANTED",1633000
2017,YEAR,Massachusetts,"FIELD CROP TOTALS, PRINCIPAL, INCL POTATOES - ACRES PLANTED",93000
2017,YEAR,Michigan,"FIELD CROP TOTALS, PRINCIPAL, INCL POTATOES - ACRES PLANTED",6349000
2017,YEAR,Minnesota,"FIELD CROP TOTALS, PRINCIPAL, INCL POTATOES - ACRES PLANTED",19691000
2017,YEAR,Mississippi,"FIELD CROP TOTALS, PRINCIPAL, INCL POTATOES - ACRES PLANTED",4159000
2017,YEAR,Missouri,"FIELD CROP TOTALS, PRINCIPAL, INCL POTATOES - ACRES PLANTED",13533000
2017,YEAR,Montana,"FIELD CROP TOTALS, PRINCIPAL, INCL POTATOES - ACRES PLANTED",9079000
2017,YEAR,Nebraska,"FIELD CROP TOTALS, PRINCIPAL, INCL POTATOES - ACRES PLANTED",19566000
2017,YEAR,Nevada,"FIELD CROP TOTALS, PRINCIPAL, INCL POTATOES - ACRES PLANTED",426000
2017,YEAR,New Hampshire,"FIELD CROP TOTALS, PRINCIPAL, INCL POTATOES - ACRES PLANTED",59000
2017,YEAR,New Jersey,"FIELD CROP TOTALS, PRINCIPAL, INCL POTATOES - ACRES PLANTED",310000
2017,YEAR,New Mexico,"FIELD CROP TOTALS, PRINCIPAL, INCL POTATOES - ACRES PLANTED",906000
2017,YEAR,New York,"FIELD CROP TOTALS, PRINCIPAL, INCL POTATOES - ACRES PLANTED",2800000
2017,YEAR,North Carolina,"FIELD CROP TOTALS, PRINCIPAL, INCL POTATOES - ACRES PLANTED",4428000
2017,YEAR,North Dakota,"FIELD CROP TOTALS, PRINCIPAL, INCL POTATOES - ACRES PLANTED",23617000
2017,YEAR,Ohio,"FIELD CROP TOTALS, PRINCIPAL, INCL POTATOES - ACRES PLANTED",10010000
2017,YEAR,Oklahoma,"FIELD CROP TOTALS, PRINCIPAL, INCL POTATOES - ACRES PLANTED",9827000
2017,YEAR,Oregon,"FIELD CROP TOTALS, PRINCIPAL, INCL POTATOES - ACRES PLANTED",2080000
2017,YEAR,Other States,"FIELD CROP TOTALS, PRINCIPAL, INCL POTATOES - ACRES PLANTED",1491000
2017,YEAR,Pennsylvania,"FIELD CROP TOTALS, PRINCIPAL, INCL POTATOES - ACRES PLANTED",3728000
2017,YEAR,Rhode Island,"FIELD CROP TOTALS, PRINCIPAL, INCL POTATOES - ACRES PLANTED",8000
2017,YEAR,South Carolina,"FIELD CROP TOTALS, PRINCIPAL, INCL POTATOES - ACRES PLANTED",1544000
2017,YEAR,South Dakota,"FIELD CROP TOTALS, PRINCIPAL, INCL POTATOES - ACRES PLANTED",17422000
2017,YEAR,Tennessee,"FIELD CROP TOTALS, PRINCIPAL, INCL POTATOES - ACRES PLANTED",4841000
2017,YEAR,Texas,"FIELD CROP TOTALS, PRINCIPAL, INCL POTATOES - ACRES PLANTED",21580000
2017,YEAR,Utah,"FIELD CROP TOTALS, PRINCIPAL, INCL POTATOES - ACRES PLANTED",944000
2017,YEAR,Vermont,"FIELD CROP TOTALS, PRINCIPAL, INCL POTATOES - ACRES PLANTED",267000
2017,YEAR,Virginia,"FIELD CROP TOTALS, PRINCIPAL, INCL POTATOES - ACRES PLANTED",2674000
2017,YEAR,Washington,"FIELD CROP TOTALS, PRINCIPAL, INCL POTATOES - ACRES PLANTED",3634000
2017,YEAR,West Virginia,"FIELD CROP TOTALS, PRINCIPAL, INCL POTATOES - ACRES PLANTED",652000
2017,YEAR,Wisconsin,"FIELD CROP TOTALS, PRINCIPAL, INCL POTATOES - ACRES PLANTED",7781000
2017,YEAR,Wyoming,"FIELD CROP TOTALS, PRINCIPAL, INCL POTATOES - ACRES PLANTED",1510000
2017,YEAR - MAR ACREAGE,Alabama,"FIELD CROP TOTALS, PRINCIPAL, INCL POTATOES - ACRES PLANTED",2310000
2017,YEAR - MAR ACREAGE,Arizona,"FIELD CROP TOTALS, PRINCIPAL, INCL POTATOES - ACRES PLANTED",688000
2017,YEAR - MAR ACREAGE,Arkansas,"FIELD CROP TOTALS, PRINCIPAL, INCL POTATOES - ACRES PLANTED",7257000
2017,YEAR - MAR ACREAGE,California,"FIELD CROP TOTALS, PRINCIPAL, INCL POTATOES - ACRES PLANTED",3130000
2017,YEAR - MAR ACREAGE,Colorado,"FIELD CROP TOTALS, PRINCIPAL, INCL POTATOES - ACRES PLANTED",6050000
2017,YEAR - MAR ACREAGE,Connecticut,"FIELD CROP TOTALS, PRINCIPAL, INCL POTATOES - ACRES PLANTED",71000
2017,YEAR - MAR ACREAGE,Delaware,"FIELD CROP TOTALS, PRINCIPAL, INCL POTATOES - ACRES PLANTED",444000
2017,YEAR - MAR ACREAGE,Florida,"FIELD CROP TOTALS, PRINCIPAL, INCL POTATOES - ACRES PLANTED",1112000
2017,YEAR - MAR ACREAGE,Georgia,"FIELD CROP TOTALS, PRINCIPAL, INCL POTATOES - ACRES PLANTED",3690000
2017,YEAR - MAR ACREAGE,Hawaii,"FIELD CROP TOTALS, PRINCIPAL, INCL POTATOES - ACRES PLANTED",0
2017,YEAR - MAR ACREAGE,Idaho,"FIELD CROP TOTALS, PRINCIPAL, INCL POTATOES - ACRES PLANTED",4231000
2017,YEAR - MAR ACREAGE,Illinois,"FIELD CROP TOTALS, PRINCIPAL, INCL POTATOES - ACRES PLANTED",22527000
2017,YEAR - MAR ACREAGE,Indiana,"FIELD CROP TOTALS, PRINCIPAL, INCL POTATOES - ACRES PLANTED",12280000
2017,YEAR - MAR ACREAGE,Iowa,"FIELD CROP TOTALS, PRINCIPAL, INCL POTATOES - ACRES PLANTED",24560000
2017,YEAR - MAR ACREAGE,Kansas,"FIELD CROP TOTALS, PRINCIPAL, INCL POTATOES - ACRES PLANTED",23067000
2017,YEAR - MAR ACREAGE,Kentucky,"FIELD CROP TOTALS, PRINCIPAL, INCL POTATOES - ACRES PLANTED",5940000
2017,YEAR - MAR ACREAGE,Louisiana,"FIELD CROP TOTALS, PRINCIPAL, INCL POTATOES - ACRES PLANTED",3326000
2017,YEAR - MAR ACREAGE,Maine,"FIELD CROP TOTALS, PRINCIPAL, INCL POTATOES - ACRES PLANTED",233000
2017,YEAR - MAR ACREAGE,Maryland,"FIELD CROP TOTALS, PRINCIPAL, INCL POTATOES - ACRES PLANTED",1650000
2017,YEAR - MAR ACREAGE,Massachusetts,"FIELD CROP TOTALS, PRINCIPAL, INCL POTATOES - ACRES PLANTED",106000
2017,YEAR - MAR ACREAGE,Michigan,"FIELD CROP TOTALS, PRINCIPAL, INCL POTATOES - ACRES PLANTED",6420000
2017,YEAR - MAR ACREAGE,Minnesota,"FIELD CROP TOTALS, PRINCIPAL, INCL POTATOES - ACRES PLANTED",20170000
2017,YEAR - MAR ACREAGE,Mississippi,"FIELD CROP TOTALS, PRINCIPAL, INCL POTATOES - ACRES PLANTED",4194000
2017,YEAR - MAR ACREAGE,Missouri,"FIELD CROP TOTALS, PRINCIPAL, INCL POTATOES - ACRES PLANTED",12895000
2017,YEAR - MAR ACREAGE,Montana,"FIELD CROP TOTALS, PRINCIPAL, INCL POTATOES - ACRES PLANTED",9031000
2017,YEAR - MAR ACREAGE,Nebraska,"FIELD CROP TOTALS, PRINCIPAL, INCL POTATOES - ACRES PLANTED",19490000
2017,YEAR - MAR ACREAGE,Nevada,"FIELD CROP TOTALS, PRINCIPAL, INCL POTATOES - ACRES PLANTED",369000
2017,YEAR - MAR ACREAGE,New Hampshire,"FIELD CROP TOTALS, PRINCIPAL, INCL POTATOES - ACRES PLANTED",63000
2017,YEAR - MAR ACREAGE,New Jersey,"FIELD CROP TOTALS, PRINCIPAL, INCL POTATOES - ACRES PLANTED",324000
2017,YEAR - MAR ACREAGE,New Mexico,"FIELD CROP TOTALS, PRINCIPAL, INCL POTATOES - ACRES PLANTED",907000
2017,YEAR - MAR ACREAGE,New York,"FIELD CROP TOTALS, PRINCIPAL, INCL POTATOES - ACRES PLANTED",3070000
2017,YEAR - MAR ACREAGE,North Carolina,"FIELD CROP TOTALS, PRINCIPAL, INCL POTATOES - ACRES PLANTED",4473000
2017,YEAR - MAR ACREAGE,North Dakota,"FIELD CROP TOTALS, PRINCIPAL, INCL POTATOES - ACRES PLANTED",22941000
2017,YEAR - MAR ACREAGE,Ohio,"FIELD CROP TOTALS, PRINCIPAL, INCL POTATOES - ACRES PLANTED",10040000
2017,YEAR - MAR ACREAGE,Oklahoma,"FIELD CROP TOTALS, PRINCIPAL, INCL POTATOES - ACRES PLANTED",9661000
2017,YEAR - MAR ACREAGE,Oregon,"FIELD CROP TOTALS, PRINCIPAL, INCL POTATOES - ACRES PLANTED",2119000
2017,YEAR - MAR ACREAGE,Pennsylvania,"FIELD CROP TOTALS, PRINCIPAL, INCL POTATOES - ACRES PLANTED",3778000
2017,YEAR - MAR ACREAGE,Rhode Island,"FIELD CROP TOTALS, PRINCIPAL, INCL POTATOES - ACRES PLANTED",10000
2017,YEAR - MAR ACREAGE,South Carolina,"FIELD CROP TOTALS, PRINCIPAL, INCL POTATOES - ACRES PLANTED",1555000
2017,YEAR - MAR ACREAGE,South Dakota,"FIELD CROP TOTALS, PRINCIPAL, INCL POTATOES - ACRES PLANTED",16992000
2017,YEAR - MAR ACREAGE,Tennessee,"FIELD CROP TOTALS, PRINCIPAL, INCL POTATOES - ACRES PLANTED",5102000
2017,YEAR - MAR ACREAGE,Texas,"FIELD CROP TOTALS, PRINCIPAL, INCL POTATOES - ACRES PLANTED",21442000
2017,YEAR - MAR ACREAGE,Utah,"FIELD CROP TOTALS, PRINCIPAL, INCL POTATOES - ACRES PLANTED",930000
2017,YEAR - MAR ACREAGE,Vermont,"FIELD CROP TOTALS, PRINCIPAL, INCL POTATOES - ACRES PLANTED",261000
2017,YEAR - MAR ACREAGE,Virginia,"FIELD CROP TOTALS, PRINCIPAL, INCL POTATOES - ACRES PLANTED",2738000
2017,YEAR - MAR ACREAGE,Washington,"FIELD CROP TOTALS, PRINCIPAL, INCL POTATOES - ACRES PLANTED",3822000
2017,YEAR - MAR ACREAGE,West Virginia,"FIELD CROP TOTALS, PRINCIPAL, INCL POTATOES - ACRES PLANTED",671000
2017,YEAR - MAR ACREAGE,Wisconsin,"FIELD CROP TOTALS, PRINCIPAL, INCL POTATOES - ACRES PLANTED",7945000
2017,YEAR - MAR ACREAGE,Wyoming,"FIELD CROP TOTALS, PRINCIPAL, INCL POTATOES - ACRES PLANTED",1398000
2016,YEAR,Alabama,"FIELD CROP TOTALS, PRINCIPAL, INCL POTATOES - ACRES PLANTED",2360000
2016,YEAR,Arizona,"FIELD CROP TOTALS, PRINCIPAL, INCL POTATOES - ACRES PLANTED",678000
2016,YEAR,Arkansas,"FIELD CROP TOTALS, PRINCIPAL, INCL POTATOES - ACRES PLANTED",7397000
2016,YEAR,California,"FIELD CROP TOTALS, PRINCIPAL, INCL POTATOES - ACRES PLANTED",3235000
2016,YEAR,Colorado,"FIELD CROP TOTALS, PRINCIPAL, INCL POTATOES - ACRES PLANTED",6171000
2016,YEAR,Connecticut,"FIELD CROP TOTALS, PRINCIPAL, INCL POTATOES - ACRES PLANTED",71000
2016,YEAR,Delaware,"FIELD CROP TOTALS, PRINCIPAL, INCL POTATOES - ACRES PLANTED",457000
2016,YEAR,Florida,"FIELD CROP TOTALS, PRINCIPAL, INCL POTATOES - ACRES PLANTED",1133000
2016,YEAR,Georgia,"FIELD CROP TOTALS, PRINCIPAL, INCL POTATOES - ACRES PLANTED",3629000
2016,YEAR,Hawaii,"FIELD CROP TOTALS, PRINCIPAL, INCL POTATOES - ACRES PLANTED",16000
2016,YEAR,Idaho,"FIELD CROP TOTALS, PRINCIPAL, INCL POTATOES - ACRES PLANTED",4173000
2016,YEAR,Illinois,"FIELD CROP TOTALS, PRINCIPAL, INCL POTATOES - ACRES PLANTED",22771000
2016,YEAR,Indiana,"FIELD CROP TOTALS, PRINCIPAL, INCL POTATOES - ACRES PLANTED",12080000
2016,YEAR,Iowa,"FIELD CROP TOTALS, PRINCIPAL, INCL POTATOES - ACRES PLANTED",24455000
2016,YEAR,Kansas,"FIELD CROP TOTALS, PRINCIPAL, INCL POTATOES - ACRES PLANTED",23595000
2016,YEAR,Kentucky,"FIELD CROP TOTALS, PRINCIPAL, INCL POTATOES - ACRES PLANTED",6135000
2016,YEAR,Louisiana,"FIELD CROP TOTALS, PRINCIPAL, INCL POTATOES - ACRES PLANTED",3345000
2016,YEAR,Maine,"FIELD CROP TOTALS, PRINCIPAL, INCL POTATOES - ACRES PLANTED",243000
2016,YEAR,Maryland,"FIELD CROP TOTALS, PRINCIPAL, INCL POTATOES - ACRES PLANTED",1605000
2016,YEAR,Massachusetts,"FIELD CROP TOTALS, PRINCIPAL, INCL POTATOES - ACRES PLANTED",98000
2016,YEAR,Michigan,"FIELD CROP TOTALS, PRINCIPAL, INCL POTATOES - ACRES PLANTED",6424000
2016,YEAR,Minnesota,"FIELD CROP TOTALS, PRINCIPAL, INCL POTATOES - ACRES PLANTED",19891000
2016,YEAR,Mississippi,"FIELD CROP TOTALS, PRINCIPAL, INCL POTATOES - ACRES PLANTED",4177000
2016,YEAR,Missouri,"FIELD CROP TOTALS, PRINCIPAL, INCL POTATOES - ACRES PLANTED",13404000
2016,YEAR,Montana,"FIELD CROP TOTALS, PRINCIPAL, INCL POTATOES - ACRES PLANTED",9117000
2016,YEAR,Nebraska,"FIELD CROP TOTALS, PRINCIPAL, INCL POTATOES - ACRES PLANTED",19474000
2016,YEAR,Nevada,"FIELD CROP TOTALS, PRINCIPAL, INCL POTATOES - ACRES PLANTED",366000
2016,YEAR,New Hampshire,"FIELD CROP TOTALS, PRINCIPAL, INCL POTATOES - ACRES PLANTED",70000
2016,YEAR,New Jersey,"FIELD CROP TOTALS, PRINCIPAL, INCL POTATOES - ACRES PLANTED",320000
2016,YEAR,New Mexico,"FIELD CROP TOTALS, PRINCIPAL, INCL POTATOES - ACRES PLANTED",913000
2016,YEAR,New York,"FIELD CROP TOTALS, PRINCIPAL, INCL POTATOES - ACRES PLANTED",3015000
2016,YEAR,North Carolina,"FIELD CROP TOTALS, PRINCIPAL, INCL POTATOES - ACRES PLANTED",4438000
2016,YEAR,North Dakota,"FIELD CROP TOTALS, PRINCIPAL, INCL POTATOES - ACRES PLANTED",23716000
2016,YEAR,Ohio,"FIELD CROP TOTALS, PRINCIPAL, INCL POTATOES - ACRES PLANTED",9995000
2016,YEAR,Oklahoma,"FIELD CROP TOTALS, PRINCIPAL, INCL POTATOES - ACRES PLANTED",9963000
2016,YEAR,Oregon,"FIELD CROP TOTALS, PRINCIPAL, INCL POTATOES - ACRES PLANTED",2155000
2016,YEAR,Other States,"FIELD CROP TOTALS, PRINCIPAL, INCL POTATOES - ACRES PLANTED",1436000
2016,YEAR,Pennsylvania,"FIELD CROP TOTALS, PRINCIPAL, INCL POTATOES - ACRES PLANTED",3638000
2016,YEAR,Rhode Island,"FIELD CROP TOTALS, PRINCIPAL, INCL POTATOES - ACRES PLANTED",9000
2016,YEAR,South Carolina,"FIELD CROP TOTALS, PRINCIPAL, INCL POTATOES - ACRES PLANTED",1505000
2016,YEAR,South Dakota,"FIELD CROP TOTALS, PRINCIPAL, INCL POTATOES - ACRES PLANTED",17291000
2016,YEAR,Tennessee,"FIELD CROP TOTALS, PRINCIPAL, INCL POTATOES - ACRES PLANTED",5030000
2016,YEAR,Texas,"FIELD CROP TOTALS, PRINCIPAL, INCL POTATOES - ACRES PLANTED",21368000
2016,YEAR,Utah,"FIELD CROP TOTALS, PRINCIPAL, INCL POTATOES - ACRES PLANTED",928000
2016,YEAR,Vermont,"FIELD CROP TOTALS, PRINCIPAL, INCL POTATOES - ACRES PLANTED",270000
2016,YEAR,Virginia,"FIELD CROP TOTALS, PRINCIPAL, INCL POTATOES - ACRES PLANTED",2680000
2016,YEAR,Washington,"FIELD CROP TOTALS, PRINCIPAL, INCL POTATOES - ACRES PLANTED",3718000
2016,YEAR,West Virginia,"FIELD CROP TOTALS, PRINCIPAL, INCL POTATOES - ACRES PLANTED",670000
2016,YEAR,Wisconsin,"FIELD CROP TOTALS, PRINCIPAL, INCL POTATOES - ACRES PLANTED",7889000
2016,YEAR,Wyoming,"FIELD CROP TOTALS, PRINCIPAL, INCL POTATOES - ACRES PLANTED",1462000
2015,YEAR,Alabama,"FIELD CROP TOTALS, PRINCIPAL, INCL POTATOES - ACRES PLANTED",2320000
2015,YEAR,Arizona,"FIELD CROP TOTALS, PRINCIPAL, INCL POTATOES - ACRES PLANTED",731000
2015,YEAR,Arkansas,"FIELD CROP TOTALS, PRINCIPAL, INCL POTATOES - ACRES PLANTED",7217000
2015,YEAR,California,"FIELD CROP TOTALS, PRINCIPAL, INCL POTATOES - ACRES PLANTED",3088000
2015,YEAR,Colorado,"FIELD CROP TOTALS, PRINCIPAL, INCL POTATOES - ACRES PLANTED",6036000
2015,YEAR,Connecticut,"FIELD CROP TOTALS, PRINCIPAL, INCL POTATOES - ACRES PLANTED",79000
2015,YEAR,Delaware,"FIELD CROP TOTALS, PRINCIPAL, INCL POTATOES - ACRES PLANTED",461000
2015,YEAR,Florida,"FIELD CROP TOTALS, PRINCIPAL, INCL POTATOES - ACRES PLANTED",1146000
2015,YEAR,Georgia,"FIELD CROP TOTALS, PRINCIPAL, INCL POTATOES - ACRES PLANTED",3694000
2015,YEAR,Hawaii,"FIELD CROP TOTALS, PRINCIPAL, INCL POTATOES - ACRES PLANTED",15000
2015,YEAR,Idaho,"FIELD CROP TOTALS, PRINCIPAL, INCL POTATOES - ACRES PLANTED",4160000
2015,YEAR,Illinois,"FIELD CROP TOTALS, PRINCIPAL, INCL POTATOES - ACRES PLANTED",22616000
2015,YEAR,Indiana,"FIELD CROP TOTALS, PRINCIPAL, INCL POTATOES - ACRES PLANTED",12065000
2015,YEAR,Iowa,"FIELD CROP TOTALS, PRINCIPAL, INCL POTATOES - ACRES PLANTED",24655000
2015,YEAR,Kansas,"FIELD CROP TOTALS, PRINCIPAL, INCL POTATOES - ACRES PLANTED",23320000
2015,YEAR,Kentucky,"FIELD CROP TOTALS, PRINCIPAL, INCL POTATOES - ACRES PLANTED",6243000
2015,YEAR,Louisiana,"FIELD CROP TOTALS, PRINCIPAL, INCL POTATOES - ACRES PLANTED",3392000
2015,YEAR,Maine,"FIELD CROP TOTALS, PRINCIPAL, INCL POTATOES - ACRES PLANTED",260000
2015,YEAR,Maryland,"FIELD CROP TOTALS, PRINCIPAL, INCL POTATOES - ACRES PLANTED",1582000
2015,YEAR,Massachusetts,"FIELD CROP TOTALS, PRINCIPAL, INCL POTATOES - ACRES PLANTED",112000
2015,YEAR,Michigan,"FIELD CROP TOTALS, PRINCIPAL, INCL POTATOES - ACRES PLANTED",6419000
2015,YEAR,Minnesota,"FIELD CROP TOTALS, PRINCIPAL, INCL POTATOES - ACRES PLANTED",20015000
2015,YEAR,Mississippi,"FIELD CROP TOTALS, PRINCIPAL, INCL POTATOES - ACRES PLANTED",4274000
2015,YEAR,Missouri,"FIELD CROP TOTALS, PRINCIPAL, INCL POTATOES - ACRES PLANTED",12081000
2015,YEAR,Montana,"FIELD CROP TOTALS, PRINCIPAL, INCL POTATOES - ACRES PLANTED",9451000
2015,YEAR,Nebraska,"FIELD CROP TOTALS, PRINCIPAL, INCL POTATOES - ACRES PLANTED",19652000
2015,YEAR,Nevada,"FIELD CROP TOTALS, PRINCIPAL, INCL POTATOES - ACRES PLANTED",334000
2015,YEAR,New Hampshire,"FIELD CROP TOTALS, PRINCIPAL, INCL POTATOES - ACRES PLANTED",65000
2015,YEAR,New Jersey,"FIELD CROP TOTALS, PRINCIPAL, INCL POTATOES - ACRES PLANTED",314000
2015,YEAR,New Mexico,"FIELD CROP TOTALS, PRINCIPAL, INCL POTATOES - ACRES PLANTED",975000
2015,YEAR,New York,"FIELD CROP TOTALS, PRINCIPAL, INCL POTATOES - ACRES PLANTED",2839000
2015,YEAR,North Carolina,"FIELD CROP TOTALS, PRINCIPAL, INCL POTATOES - ACRES PLANTED",4753000
2015,YEAR,North Dakota,"FIELD CROP TOTALS, PRINCIPAL, INCL POTATOES - ACRES PLANTED",23670000
2015,YEAR,Ohio,"FIELD CROP TOTALS, PRINCIPAL, INCL POTATOES - ACRES PLANTED",9913000
2015,YEAR,Oklahoma,"FIELD CROP TOTALS, PRINCIPAL, INCL POTATOES - ACRES PLANTED",10126000
2015,YEAR,Oregon,"FIELD CROP TOTALS, PRINCIPAL, INCL POTATOES - ACRES PLANTED",2109000
2015,YEAR,Other States,"FIELD CROP TOTALS, PRINCIPAL, INCL POTATOES - ACRES PLANTED",1191000
2015,YEAR,Pennsylvania,"FIELD CROP TOTALS, PRINCIPAL, INCL POTATOES - ACRES PLANTED",3578000
2015,YEAR,Rhode Island,"FIELD CROP TOTALS, PRINCIPAL, INCL POTATOES - ACRES PLANTED",9000
2015,YEAR,South Carolina,"FIELD CROP TOTALS, PRINCIPAL, INCL POTATOES - ACRES PLANTED",1624000
2015,YEAR,South Dakota,"FIELD CROP TOTALS, PRINCIPAL, INCL POTATOES - ACRES PLANTED",18100000
2015,YEAR,Tennessee,"FIELD CROP TOTALS, PRINCIPAL, INCL POTATOES - ACRES PLANTED",4926000
2015,YEAR,Texas,"FIELD CROP TOTALS, PRINCIPAL, INCL POTATOES - ACRES PLANTED",21705000
2015,YEAR,Utah,"FIELD CROP TOTALS, PRINCIPAL, INCL POTATOES - ACRES PLANTED",917000
2015,YEAR,Vermont,"FIELD CROP TOTALS, PRINCIPAL, INCL POTATOES - ACRES PLANTED",267000
2015,YEAR,Virginia,"FIELD CROP TOTALS, PRINCIPAL, INCL POTATOES - ACRES PLANTED",2705000
2015,YEAR,Washington,"FIELD CROP TOTALS, PRINCIPAL, INCL POTATOES - ACRES PLANTED",3660000
2015,YEAR,West Virginia,"FIELD CROP TOTALS, PRINCIPAL, INCL POTATOES - ACRES PLANTED",676000
2015,YEAR,Wisconsin,"FIELD CROP TOTALS, PRINCIPAL, INCL POTATOES - ACRES PLANTED",8003000
2015,YEAR,Wyoming,"FIELD CROP TOTALS, PRINCIPAL, INCL POTATOES - ACRES PLANTED",1506000
2014,YEAR,Alabama,"FIELD CROP TOTALS, PRINCIPAL, INCL POTATOES - ACRES PLANTED",2360000
2014,YEAR,Arizona,"FIELD CROP TOTALS, PRINCIPAL, INCL POTATOES - ACRES PLANTED",701000
2014,YEAR,Arkansas,"FIELD CROP TOTALS, PRINCIPAL, INCL POTATOES - ACRES PLANTED",7543000
2014,YEAR,California,"FIELD CROP TOTALS, PRINCIPAL, INCL POTATOES - ACRES PLANTED",3418000
2014,YEAR,Colorado,"FIELD CROP TOTALS, PRINCIPAL, INCL POTATOES - ACRES PLANTED",6188000
2014,YEAR,Connecticut,"FIELD CROP TOTALS, PRINCIPAL, INCL POTATOES - ACRES PLANTED",79000
2014,YEAR,Delaware,"FIELD CROP TOTALS, PRINCIPAL, INCL POTATOES - ACRES PLANTED",495000
2014,YEAR,Florida,"FIELD CROP TOTALS, PRINCIPAL, INCL POTATOES - ACRES PLANTED",1170000
2014,YEAR,Georgia,"FIELD CROP TOTALS, PRINCIPAL, INCL POTATOES - ACRES PLANTED",3795000
2014,YEAR,Hawaii,"FIELD CROP TOTALS, PRINCIPAL, INCL POTATOES - ACRES PLANTED",16000
2014,YEAR,Idaho,"FIELD CROP TOTALS, PRINCIPAL, INCL POTATOES - ACRES PLANTED",4302000
2014,YEAR,Illinois,"FIELD CROP TOTALS, PRINCIPAL, INCL POTATOES - ACRES PLANTED",23025000
2014,YEAR,Indiana,"FIELD CROP TOTALS, PRINCIPAL, INCL POTATOES - ACRES PLANTED",12360000
2014,YEAR,Iowa,"FIELD CROP TOTALS, PRINCIPAL, INCL POTATOES - ACRES PLANTED",24876000
2014,YEAR,Kansas,"FIELD CROP TOTALS, PRINCIPAL, INCL POTATOES - ACRES PLANTED",23007000
2014,YEAR,Kentucky,"FIELD CROP TOTALS, PRINCIPAL, INCL POTATOES - ACRES PLANTED",6267000
2014,YEAR,Louisiana,"FIELD CROP TOTALS, PRINCIPAL, INCL POTATOES - ACRES PLANTED",3587000
2014,YEAR,Maine,"FIELD CROP TOTALS, PRINCIPAL, INCL POTATOES - ACRES PLANTED",277000
2014,YEAR,Maryland,"FIELD CROP TOTALS, PRINCIPAL, INCL POTATOES - ACRES PLANTED",1617000
2014,YEAR,Massachusetts,"FIELD CROP TOTALS, PRINCIPAL, INCL POTATOES - ACRES PLANTED",95000
2014,YEAR,Michigan,"FIELD CROP TOTALS, PRINCIPAL, INCL POTATOES - ACRES PLANTED",6618000
2014,YEAR,Minnesota,"FIELD CROP TOTALS, PRINCIPAL, INCL POTATOES - ACRES PLANTED",19741000
2014,YEAR,Mississippi,"FIELD CROP TOTALS, PRINCIPAL, INCL POTATOES - ACRES PLANTED",4308000
2014,YEAR,Missouri,"FIELD CROP TOTALS, PRINCIPAL, INCL POTATOES - ACRES PLANTED",14094000
2014,YEAR,Montana,"FIELD CROP TOTALS, PRINCIPAL, INCL POTATOES - ACRES PLANTED",9967000
2014,YEAR,Nebraska,"FIELD CROP TOTALS, PRINCIPAL, INCL POTATOES - ACRES PLANTED",19544000
2014,YEAR,Nevada,"FIELD CROP TOTALS, PRINCIPAL, INCL POTATOES - ACRES PLANTED",455000
2014,YEAR,New Hampshire,"FIELD CROP TOTALS, PRINCIPAL, INCL POTATOES - ACRES PLANTED",70000
2014,YEAR,New Jersey,"FIELD CROP TOTALS, PRINCIPAL, INCL POTATOES - ACRES PLANTED",331000
2014,YEAR,New Mexico,"FIELD CROP TOTALS, PRINCIPAL, INCL POTATOES - ACRES PLANTED",983000
2014,YEAR,New York,"FIELD CROP TOTALS, PRINCIPAL, INCL POTATOES - ACRES PLANTED",3051000
2014,YEAR,North Carolina,"FIELD CROP TOTALS, PRINCIPAL, INCL POTATOES - ACRES PLANTED",5070000
2014,YEAR,North Dakota,"FIELD CROP TOTALS, PRINCIPAL, INCL POTATOES - ACRES PLANTED",23004000
2014,YEAR,Ohio,"FIELD CROP TOTALS, PRINCIPAL, INCL POTATOES - ACRES PLANTED",10044000
2014,YEAR,Oklahoma,"FIELD CROP TOTALS, PRINCIPAL, INCL POTATOES - ACRES PLANTED",10786000
2014,YEAR,Oregon,"FIELD CROP TOTALS, PRINCIPAL, INCL POTATOES - ACRES PLANTED",2090000
2014,YEAR,Other States,"FIELD CROP TOTALS, PRINCIPAL, INCL POTATOES - ACRES PLANTED",1106000
2014,YEAR,Pennsylvania,"FIELD CROP TOTALS, PRINCIPAL, INCL POTATOES - ACRES PLANTED",3809000
2014,YEAR,Rhode Island,"FIELD CROP TOTALS, PRINCIPAL, INCL POTATOES - ACRES PLANTED",10000
2014,YEAR,South Carolina,"FIELD CROP TOTALS, PRINCIPAL, INCL POTATOES - ACRES PLANTED",1674000
2014,YEAR,South Dakota,"FIELD CROP TOTALS, PRINCIPAL, INCL POTATOES - ACRES PLANTED",17816000
2014,YEAR,Tennessee,"FIELD CROP TOTALS, PRINCIPAL, INCL POTATOES - ACRES PLANTED",5155000
2014,YEAR,Texas,"FIELD CROP TOTALS, PRINCIPAL, INCL POTATOES - ACRES PLANTED",23577000
2014,YEAR,Utah,"FIELD CROP TOTALS, PRINCIPAL, INCL POTATOES - ACRES PLANTED",937000
2014,YEAR,Vermont,"FIELD CROP TOTALS, PRINCIPAL, INCL POTATOES - ACRES PLANTED",277000
2014,YEAR,Virginia,"FIELD CROP TOTALS, PRINCIPAL, INCL POTATOES - ACRES PLANTED",2816000
2014,YEAR,Washington,"FIELD CROP TOTALS, PRINCIPAL, INCL POTATOES - ACRES PLANTED",3889000
2014,YEAR,West Virginia,"FIELD CROP TOTALS, PRINCIPAL, INCL POTATOES - ACRES PLANTED",706000
2014,YEAR,Wisconsin,"FIELD CROP TOTALS, PRINCIPAL, INCL POTATOES - ACRES PLANTED",8089000
2014,YEAR,Wyoming,"FIELD CROP TOTALS, PRINCIPAL, INCL POTATOES - ACRES PLANTED",1478000
2013,YEAR,Alabama,"FIELD CROP TOTALS, PRINCIPAL, INCL POTATOES - ACRES PLANTED",2425000
2013,YEAR,Arizona,"FIELD CROP TOTALS, PRINCIPAL, INCL POTATOES - ACRES PLANTED",740000
2013,YEAR,Arkansas,"FIELD CROP TOTALS, PRINCIPAL, INCL POTATOES - ACRES PLANTED",7732000
2013,YEAR,California,"FIELD CROP TOTALS, PRINCIPAL, INCL POTATOES - ACRES PLANTED",3925000
2013,YEAR,Colorado,"FIELD CROP TOTALS, PRINCIPAL, INCL POTATOES - ACRES PLANTED",5916000
2013,YEAR,Connecticut,"FIELD CROP TOTALS, PRINCIPAL, INCL POTATOES - ACRES PLANTED",74000
2013,YEAR,Delaware,"FIELD CROP TOTALS, PRINCIPAL, INCL POTATOES - ACRES PLANTED",492000
2013,YEAR,Florida,"FIELD CROP TOTALS, PRINCIPAL, INCL POTATOES - ACRES PLANTED",1190000
2013,YEAR,Georgia,"FIELD CROP TOTALS, PRINCIPAL, INCL POTATOES - ACRES PLANTED",3863000
2013,YEAR,Hawaii,"FIELD CROP TOTALS, PRINCIPAL, INCL POTATOES - ACRES PLANTED",18000
2013,YEAR,Idaho,"FIELD CROP TOTALS, PRINCIPAL, INCL POTATOES - ACRES PLANTED",4532000
2013,YEAR,Illinois,"FIELD CROP TOTALS, PRINCIPAL, INCL POTATOES - ACRES PLANTED",23110000
2013,YEAR,Indiana,"FIELD CROP TOTALS, PRINCIPAL, INCL POTATOES - ACRES PLANTED",12320000
2013,YEAR,Iowa,"FIELD CROP TOTALS, PRINCIPAL, INCL POTATOES - ACRES PLANTED",24320000
2013,YEAR,Kansas,"FIELD CROP TOTALS, PRINCIPAL, INCL POTATOES - ACRES PLANTED",23524000
2013,YEAR,Kentucky,"FIELD CROP TOTALS, PRINCIPAL, INCL POTATOES - ACRES PLANTED",6387000
2013,YEAR,Louisiana,"FIELD CROP TOTALS, PRINCIPAL, INCL POTATOES - ACRES PLANTED",3590000
2013,YEAR,Maine,"FIELD CROP TOTALS, PRINCIPAL, INCL POTATOES - ACRES PLANTED",269000
2013,YEAR,Maryland,"FIELD CROP TOTALS, PRINCIPAL, INCL POTATOES - ACRES PLANTED",1612000
2013,YEAR,Massachusetts,"FIELD CROP TOTALS, PRINCIPAL, INCL POTATOES - ACRES PLANTED",104000
2013,YEAR,Michigan,"FIELD CROP TOTALS, PRINCIPAL, INCL POTATOES - ACRES PLANTED",6524000
2013,YEAR,Minnesota,"FIELD CROP TOTALS, PRINCIPAL, INCL POTATOES - ACRES PLANTED",19452000
2013,YEAR,Mississippi,"FIELD CROP TOTALS, PRINCIPAL, INCL POTATOES - ACRES PLANTED",4504000
2013,YEAR,Missouri,"FIELD CROP TOTALS, PRINCIPAL, INCL POTATOES - ACRES PLANTED",14634000
2013,YEAR,Montana,"FIELD CROP TOTALS, PRINCIPAL, INCL POTATOES - ACRES PLANTED",9511000
2013,YEAR,Nebraska,"FIELD CROP TOTALS, PRINCIPAL, INCL POTATOES - ACRES PLANTED",19518000
2013,YEAR,Nevada,"FIELD CROP TOTALS, PRINCIPAL, INCL POTATOES - ACRES PLANTED",383000
2013,YEAR,New Hampshire,"FIELD CROP TOTALS, PRINCIPAL, INCL POTATOES - ACRES PLANTED",65000
2013,YEAR,New Jersey,"FIELD CROP TOTALS, PRINCIPAL, INCL POTATOES - ACRES PLANTED",313000
2013,YEAR,New Mexico,"FIELD CROP TOTALS, PRINCIPAL, INCL POTATOES - ACRES PLANTED",975000
2013,YEAR,New York,"FIELD CROP TOTALS, PRINCIPAL, INCL POTATOES - ACRES PLANTED",3148000
2013,YEAR,North Carolina,"FIELD CROP TOTALS, PRINCIPAL, INCL POTATOES - ACRES PLANTED",5055000
2013,YEAR,North Dakota,"FIELD CROP TOTALS, PRINCIPAL, INCL POTATOES - ACRES PLANTED",20378000
2013,YEAR,Ohio,"FIELD CROP TOTALS, PRINCIPAL, INCL POTATOES - ACRES PLANTED",10139000
2013,YEAR,Oklahoma,"FIELD CROP TOTALS, PRINCIPAL, INCL POTATOES - ACRES PLANTED",10497000
2013,YEAR,Oregon,"FIELD CROP TOTALS, PRINCIPAL, INCL POTATOES - ACRES PLANTED",2146000
2013,YEAR,Other States,"FIELD CROP TOTALS, PRINCIPAL, INCL POTATOES - ACRES PLANTED",1055000
2013,YEAR,Pennsylvania,"FIELD CROP TOTALS, PRINCIPAL, INCL POTATOES - ACRES PLANTED",3651000
2013,YEAR,Rhode Island,"FIELD CROP TOTALS, PRINCIPAL, INCL POTATOES - ACRES PLANTED",11000
2013,YEAR,South Carolina,"FIELD CROP TOTALS, PRINCIPAL, INCL POTATOES - ACRES PLANTED",1614000
2013,YEAR,South Dakota,"FIELD CROP TOTALS, PRINCIPAL, INCL POTATOES - ACRES PLANTED",17858000
2013,YEAR,Tennessee,"FIELD CROP TOTALS, PRINCIPAL, INCL POTATOES - ACRES PLANTED",5296000
2013,YEAR,Texas,"FIELD CROP TOTALS, PRINCIPAL, INCL POTATOES - ACRES PLANTED",24119000
2013,YEAR,Utah,"FIELD CROP TOTALS, PRINCIPAL, INCL POTATOES - ACRES PLANTED",1026000
2013,YEAR,Vermont,"FIELD CROP TOTALS, PRINCIPAL, INCL POTATOES - ACRES PLANTED",272000
2013,YEAR,Virginia,"FIELD CROP TOTALS, PRINCIPAL, INCL POTATOES - ACRES PLANTED",2900000
2013,YEAR,Washington,"FIELD CROP TOTALS, PRINCIPAL, INCL POTATOES - ACRES PLANTED",3702000
2013,YEAR,West Virginia,"FIELD CROP TOTALS, PRINCIPAL, INCL POTATOES - ACRES PLANTED",675000
2013,YEAR,Wisconsin,"FIELD CROP TOTALS, PRINCIPAL, INCL POTATOES - ACRES PLANTED",7951000
2013,YEAR,Wyoming,"FIELD CROP TOTALS, PRINCIPAL, INCL POTATOES - ACRES PLANTED",1425000
2012,YEAR,Alabama,"FIELD CROP TOTALS, PRINCIPAL, INCL POTATOES - ACRES PLANTED",2390000
2012,YEAR,Arizona,"FIELD CROP TOTALS, PRINCIPAL, INCL POTATOES - ACRES PLANTED",779000
2012,YEAR,Arkansas,"FIELD CROP TOTALS, PRINCIPAL, INCL POTATOES - ACRES PLANTED",7948000
2012,YEAR,California,"FIELD CROP TOTALS, PRINCIPAL, INCL POTATOES - ACRES PLANTED",4256000
2012,YEAR,Colorado,"FIELD CROP TOTALS, PRINCIPAL, INCL POTATOES - ACRES PLANTED",5969000
2012,YEAR,Connecticut,"FIELD CROP TOTALS, PRINCIPAL, INCL POTATOES - ACRES PLANTED",83000
2012,YEAR,Delaware,"FIELD CROP TOTALS, PRINCIPAL, INCL POTATOES - ACRES PLANTED",490000
2012,YEAR,Florida,"FIELD CROP TOTALS, PRINCIPAL, INCL POTATOES - ACRES PLANTED",1204000
2012,YEAR,Georgia,"FIELD CROP TOTALS, PRINCIPAL, INCL POTATOES - ACRES PLANTED",3815000
2012,YEAR,Hawaii,"FIELD CROP TOTALS, PRINCIPAL, INCL POTATOES - ACRES PLANTED",17000
2012,YEAR,Idaho,"FIELD CROP TOTALS, PRINCIPAL, INCL POTATOES - ACRES PLANTED",4394000
2012,YEAR,Illinois,"FIELD CROP TOTALS, PRINCIPAL, INCL POTATOES - ACRES PLANTED",23108000
2012,YEAR,Indiana,"FIELD CROP TOTALS, PRINCIPAL, INCL POTATOES - ACRES PLANTED",12305000
2012,YEAR,Iowa,"FIELD CROP TOTALS, PRINCIPAL, INCL POTATOES - ACRES PLANTED",24818000
2012,YEAR,Kansas,"FIELD CROP TOTALS, PRINCIPAL, INCL POTATOES - ACRES PLANTED",23472000
2012,YEAR,Kentucky,"FIELD CROP TOTALS, PRINCIPAL, INCL POTATOES - ACRES PLANTED",5897000
2012,YEAR,Louisiana,"FIELD CROP TOTALS, PRINCIPAL, INCL POTATOES - ACRES PLANTED",3600000
2012,YEAR,Maine,"FIELD CROP TOTALS, PRINCIPAL, INCL POTATOES - ACRES PLANTED",265000
2012,YEAR,Maryland,"FIELD CROP TOTALS, PRINCIPAL, INCL POTATOES - ACRES PLANTED",1522000
2012,YEAR,Massachusetts,"FIELD CROP TOTALS, PRINCIPAL, INCL POTATOES - ACRES PLANTED",89000
2012,YEAR,Michigan,"FIELD CROP TOTALS, PRINCIPAL, INCL POTATOES - ACRES PLANTED",6692000
2012,YEAR,Minnesota,"FIELD CROP TOTALS, PRINCIPAL, INCL POTATOES - ACRES PLANTED",20009000
2012,YEAR,Mississippi,"FIELD CROP TOTALS, PRINCIPAL, INCL POTATOES - ACRES PLANTED",4590000
2012,YEAR,Missouri,"FIELD CROP TOTALS, PRINCIPAL, INCL POTATOES - ACRES PLANTED",14044000
2012,YEAR,Montana,"FIELD CROP TOTALS, PRINCIPAL, INCL POTATOES - ACRES PLANTED",9192000
2012,YEAR,Nebraska,"FIELD CROP TOTALS, PRINCIPAL, INCL POTATOES - ACRES PLANTED",19517000
2012,YEAR,Nevada,"FIELD CROP TOTALS, PRINCIPAL, INCL POTATOES - ACRES PLANTED",456000
2012,YEAR,New Hampshire,"FIELD CROP TOTALS, PRINCIPAL, INCL POTATOES - ACRES PLANTED",66000
2012,YEAR,New Jersey,"FIELD CROP TOTALS, PRINCIPAL, INCL POTATOES - ACRES PLANTED",323000
2012,YEAR,New Mexico,"FIELD CROP TOTALS, PRINCIPAL, INCL POTATOES - ACRES PLANTED",1014000
2012,YEAR,New York,"FIELD CROP TOTALS, PRINCIPAL, INCL POTATOES - ACRES PLANTED",3034000
2012,YEAR,North Carolina,"FIELD CROP TOTALS, PRINCIPAL, INCL POTATOES - ACRES PLANTED",4863000
2012,YEAR,North Dakota,"FIELD CROP TOTALS, PRINCIPAL, INCL POTATOES - ACRES PLANTED",23010000
2012,YEAR,Ohio,"FIELD CROP TOTALS, PRINCIPAL, INCL POTATOES - ACRES PLANTED",10104000
2012,YEAR,Oklahoma,"FIELD CROP TOTALS, PRINCIPAL, INCL POTATOES - ACRES PLANTED",10029000
2012,YEAR,Oregon,"FIELD CROP TOTALS, PRINCIPAL, INCL POTATOES - ACRES PLANTED",2132000
2012,YEAR,Pennsylvania,"FIELD CROP TOTALS, PRINCIPAL, INCL POTATOES - ACRES PLANTED",3749000
2012,YEAR,Rhode Island,"FIELD CROP TOTALS, PRINCIPAL, INCL POTATOES - ACRES PLANTED",11000
2012,YEAR,South Carolina,"FIELD CROP TOTALS, PRINCIPAL, INCL POTATOES - ACRES PLANTED",1694000
2012,YEAR,South Dakota,"FIELD CROP TOTALS, PRINCIPAL, INCL POTATOES - ACRES PLANTED",17242000
2012,YEAR,Tennessee,"FIELD CROP TOTALS, PRINCIPAL, INCL POTATOES - ACRES PLANTED",4873000
2012,YEAR,Texas,"FIELD CROP TOTALS, PRINCIPAL, INCL POTATOES - ACRES PLANTED",22500000
2012,YEAR,Utah,"FIELD CROP TOTALS, PRINCIPAL, INCL POTATOES - ACRES PLANTED",966000
2012,YEAR,Vermont,"FIELD CROP TOTALS, PRINCIPAL, INCL POTATOES - ACRES PLANTED",271000
2012,YEAR,Virginia,"FIELD CROP TOTALS, PRINCIPAL, INCL POTATOES - ACRES PLANTED",2879000
2012,YEAR,Washington,"FIELD CROP TOTALS, PRINCIPAL, INCL POTATOES - ACRES PLANTED",3600000
2012,YEAR,West Virginia,"FIELD CROP TOTALS, PRINCIPAL, INCL POTATOES - ACRES PLANTED",675000
2012,YEAR,Wisconsin,"FIELD CROP TOTALS, PRINCIPAL, INCL POTATOES - ACRES PLANTED",8150000
2012,YEAR,Wyoming,"FIELD CROP TOTALS, PRINCIPAL, INCL POTATOES - ACRES PLANTED",1377000
2011,YEAR,Alabama,"FIELD CROP TOTALS, PRINCIPAL, INCL POTATOES - ACRES PLANTED",2260000
2011,YEAR,Arizona,"FIELD CROP TOTALS, PRINCIPAL, INCL POTATOES - ACRES PLANTED",784000
2011,YEAR,Arkansas,"FIELD CROP TOTALS, PRINCIPAL, INCL POTATOES - ACRES PLANTED",7901000
2011,YEAR,California,"FIELD CROP TOTALS, PRINCIPAL, INCL POTATOES - ACRES PLANTED",4300000
2011,YEAR,Colorado,"FIELD CROP TOTALS, PRINCIPAL, INCL POTATOES - ACRES PLANTED",6245000
2011,YEAR,Connecticut,"FIELD CROP TOTALS, PRINCIPAL, INCL POTATOES - ACRES PLANTED",87000
2011,YEAR,Delaware,"FIELD CROP TOTALS, PRINCIPAL, INCL POTATOES - ACRES PLANTED",492000
2011,YEAR,Florida,"FIELD CROP TOTALS, PRINCIPAL, INCL POTATOES - ACRES PLANTED",1085000
2011,YEAR,Georgia,"FIELD CROP TOTALS, PRINCIPAL, INCL POTATOES - ACRES PLANTED",3722000
2011,YEAR,Hawaii,"FIELD CROP TOTALS, PRINCIPAL, INCL POTATOES - ACRES PLANTED",17000
2011,YEAR,Idaho,"FIELD CROP TOTALS, PRINCIPAL, INCL POTATOES - ACRES PLANTED",4381000
2011,YEAR,Illinois,"FIELD CROP TOTALS, PRINCIPAL, INCL POTATOES - ACRES PLANTED",22949000
2011,YEAR,Indiana,"FIELD CROP TOTALS, PRINCIPAL, INCL POTATOES - ACRES PLANTED",12275000
2011,YEAR,Iowa,"FIELD CROP TOTALS, PRINCIPAL, INCL POTATOES - ACRES PLANTED",24732000
2011,YEAR,Kansas,"FIELD CROP TOTALS, PRINCIPAL, INCL POTATOES - ACRES PLANTED",22990000
2011,YEAR,Kentucky,"FIELD CROP TOTALS, PRINCIPAL, INCL POTATOES - ACRES PLANTED",5598000
2011,YEAR,Louisiana,"FIELD CROP TOTALS, PRINCIPAL, INCL POTATOES - ACRES PLANTED",3538000
2011,YEAR,Maine,"FIELD CROP TOTALS, PRINCIPAL, INCL POTATOES - ACRES PLANTED",263000
2011,YEAR,Maryland,"FIELD CROP TOTALS, PRINCIPAL, INCL POTATOES - ACRES PLANTED",1502000
2011,YEAR,Massachusetts,"FIELD CROP TOTALS, PRINCIPAL, INCL POTATOES - ACRES PLANTED",95000
2011,YEAR,Michigan,"FIELD CROP TOTALS, PRINCIPAL, INCL POTATOES - ACRES PLANTED",6568000
2011,YEAR,Minnesota,"FIELD CROP TOTALS, PRINCIPAL, INCL POTATOES - ACRES PLANTED",19592000
2011,YEAR,Mississippi,"FIELD CROP TOTALS, PRINCIPAL, INCL POTATOES - ACRES PLANTED",4552000
2011,YEAR,Missouri,"FIELD CROP TOTALS, PRINCIPAL, INCL POTATOES - ACRES PLANTED",13771000
2011,YEAR,Montana,"FIELD CROP TOTALS, PRINCIPAL, INCL POTATOES - ACRES PLANTED",8720000
2011,YEAR,Nebraska,"FIELD CROP TOTALS, PRINCIPAL, INCL POTATOES - ACRES PLANTED",19291000
2011,YEAR,Nevada,"FIELD CROP TOTALS, PRINCIPAL, INCL POTATOES - ACRES PLANTED",481000
2011,YEAR,New Hampshire,"FIELD CROP TOTALS, PRINCIPAL, INCL POTATOES - ACRES PLANTED",68000
2011,YEAR,New Jersey,"FIELD CROP TOTALS, PRINCIPAL, INCL POTATOES - ACRES PLANTED",317000
2011,YEAR,New Mexico,"FIELD CROP TOTALS, PRINCIPAL, INCL POTATOES - ACRES PLANTED",1033000
2011,YEAR,New York,"FIELD CROP TOTALS, PRINCIPAL, INCL POTATOES - ACRES PLANTED",2864000
2011,YEAR,North Carolina,"FIELD CROP TOTALS, PRINCIPAL, INCL POTATOES - ACRES PLANTED",4829000
2011,YEAR,North Dakota,"FIELD CROP TOTALS, PRINCIPAL, INCL POTATOES - ACRES PLANTED",18245000
2011,YEAR,Ohio,"FIELD CROP TOTALS, PRINCIPAL, INCL POTATOES - ACRES PLANTED",9994000
2011,YEAR,Oklahoma,"FIELD CROP TOTALS, PRINCIPAL, INCL POTATOES - ACRES PLANTED",9514000
2011,YEAR,Oregon,"FIELD CROP TOTALS, PRINCIPAL, INCL POTATOES - ACRES PLANTED",2249000
2011,YEAR,Pennsylvania,"FIELD CROP TOTALS, PRINCIPAL, INCL POTATOES - ACRES PLANTED",3729000
2011,YEAR,Rhode Island,"FIELD CROP TOTALS, PRINCIPAL, INCL POTATOES - ACRES PLANTED",12000
2011,YEAR,South Carolina,"FIELD CROP TOTALS, PRINCIPAL, INCL POTATOES - ACRES PLANTED",1638000
2011,YEAR,South Dakota,"FIELD CROP TOTALS, PRINCIPAL, INCL POTATOES - ACRES PLANTED",16403000
2011,YEAR,Tennessee,"FIELD CROP TOTALS, PRINCIPAL, INCL POTATOES - ACRES PLANTED",4877000
2011,YEAR,Texas,"FIELD CROP TOTALS, PRINCIPAL, INCL POTATOES - ACRES PLANTED",21267000
2011,YEAR,Utah,"FIELD CROP TOTALS, PRINCIPAL, INCL POTATOES - ACRES PLANTED",1064000
2011,YEAR,Vermont,"FIELD CROP TOTALS, PRINCIPAL, INCL POTATOES - ACRES PLANTED",265000
2011,YEAR,Virginia,"FIELD CROP TOTALS, PRINCIPAL, INCL POTATOES - ACRES PLANTED",2951000
2011,YEAR,Washington,"FIELD CROP TOTALS, PRINCIPAL, INCL POTATOES - ACRES PLANTED",3718000
2011,YEAR,West Virginia,"FIELD CROP TOTALS, PRINCIPAL, INCL POTATOES - ACRES PLANTED",723000
2011,YEAR,Wisconsin,"FIELD CROP TOTALS, PRINCIPAL, INCL POTATOES - ACRES PLANTED",8026000
2011,YEAR,Wyoming,"FIELD CROP TOTALS, PRINCIPAL, INCL POTATOES - ACRES PLANTED",1551000
2010,YEAR,Alabama,"FIELD CROP TOTALS, PRINCIPAL, INCL POTATOES - ACRES PLANTED",2075000
2010,YEAR,Arizona,"FIELD CROP TOTALS, PRINCIPAL, INCL POTATOES - ACRES PLANTED",724000
2010,YEAR,Arkansas,"FIELD CROP TOTALS, PRINCIPAL, INCL POTATOES - ACRES PLANTED",7631000
2010,YEAR,California,"FIELD CROP TOTALS, PRINCIPAL, INCL POTATOES - ACRES PLANTED",4196000
2010,YEAR,Colorado,"FIELD CROP TOTALS, PRINCIPAL, INCL POTATOES - ACRES PLANTED",6195000
2010,YEAR,Connecticut,"FIELD CROP TOTALS, PRINCIPAL, INCL POTATOES - ACRES PLANTED",88000
2010,YEAR,Delaware,"FIELD CROP TOTALS, PRINCIPAL, INCL POTATOES - ACRES PLANTED",442000
2010,YEAR,Florida,"FIELD CROP TOTALS, PRINCIPAL, INCL POTATOES - ACRES PLANTED",1079000
2010,YEAR,Georgia,"FIELD CROP TOTALS, PRINCIPAL, INCL POTATOES - ACRES PLANTED",3556000
2010,YEAR,Hawaii,"FIELD CROP TOTALS, PRINCIPAL, INCL POTATOES - ACRES PLANTED",17000
2010,YEAR,Idaho,"FIELD CROP TOTALS, PRINCIPAL, INCL POTATOES - ACRES PLANTED",4368000
2010,YEAR,Illinois,"FIELD CROP TOTALS, PRINCIPAL, INCL POTATOES - ACRES PLANTED",22687000
2010,YEAR,Indiana,"FIELD CROP TOTALS, PRINCIPAL, INCL POTATOES - ACRES PLANTED",12140000
2010,YEAR,Iowa,"FIELD CROP TOTALS, PRINCIPAL, INCL POTATOES - ACRES PLANTED",24595000
2010,YEAR,Kansas,"FIELD CROP TOTALS, PRINCIPAL, INCL POTATOES - ACRES PLANTED",22629000
2010,YEAR,Kentucky,"FIELD CROP TOTALS, PRINCIPAL, INCL POTATOES - ACRES PLANTED",5475000
2010,YEAR,Louisiana,"FIELD CROP TOTALS, PRINCIPAL, INCL POTATOES - ACRES PLANTED",3407000
2010,YEAR,Maine,"FIELD CROP TOTALS, PRINCIPAL, INCL POTATOES - ACRES PLANTED",268000
2010,YEAR,Maryland,"FIELD CROP TOTALS, PRINCIPAL, INCL POTATOES - ACRES PLANTED",1417000
2010,YEAR,Massachusetts,"FIELD CROP TOTALS, PRINCIPAL, INCL POTATOES - ACRES PLANTED",99000
2010,YEAR,Michigan,"FIELD CROP TOTALS, PRINCIPAL, INCL POTATOES - ACRES PLANTED",6483000
2010,YEAR,Minnesota,"FIELD CROP TOTALS, PRINCIPAL, INCL POTATOES - ACRES PLANTED",19818000
2010,YEAR,Mississippi,"FIELD CROP TOTALS, PRINCIPAL, INCL POTATOES - ACRES PLANTED",4321000
2010,YEAR,Missouri,"FIELD CROP TOTALS, PRINCIPAL, INCL POTATOES - ACRES PLANTED",13110000
2010,YEAR,Montana,"FIELD CROP TOTALS, PRINCIPAL, INCL POTATOES - ACRES PLANTED",9215000
2010,YEAR,Nebraska,"FIELD CROP TOTALS, PRINCIPAL, INCL POTATOES - ACRES PLANTED",19211000
2010,YEAR,Nevada,"FIELD CROP TOTALS, PRINCIPAL, INCL POTATOES - ACRES PLANTED",491000
2010,YEAR,New Hampshire,"FIELD CROP TOTALS, PRINCIPAL, INCL POTATOES - ACRES PLANTED",71000
2010,YEAR,New Jersey,"FIELD CROP TOTALS, PRINCIPAL, INCL POTATOES - ACRES PLANTED",306000
2010,YEAR,New Mexico,"FIELD CROP TOTALS, PRINCIPAL, INCL POTATOES - ACRES PLANTED",1085000
2010,YEAR,New York,"FIELD CROP TOTALS, PRINCIPAL, INCL POTATOES - ACRES PLANTED",2889000
2010,YEAR,North Carolina,"FIELD CROP TOTALS, PRINCIPAL, INCL POTATOES - ACRES PLANTED",4663000
2010,YEAR,North Dakota,"FIELD CROP TOTALS, PRINCIPAL, INCL POTATOES - ACRES PLANTED",21386000
2010,YEAR,Ohio,"FIELD CROP TOTALS, PRINCIPAL, INCL POTATOES - ACRES PLANTED",9950000
2010,YEAR,Oklahoma,"FIELD CROP TOTALS, PRINCIPAL, INCL POTATOES - ACRES PLANTED",10215000
2010,YEAR,Oregon,"FIELD CROP TOTALS, PRINCIPAL, INCL POTATOES - ACRES PLANTED",2189000
2010,YEAR,Pennsylvania,"FIELD CROP TOTALS, PRINCIPAL, INCL POTATOES - ACRES PLANTED",3688000
2010,YEAR,Rhode Island,"FIELD CROP TOTALS, PRINCIPAL, INCL POTATOES - ACRES PLANTED",11000
2010,YEAR,South Carolina,"FIELD CROP TOTALS, PRINCIPAL, INCL POTATOES - ACRES PLANTED",1621000
2010,YEAR,South Dakota,"FIELD CROP TOTALS, PRINCIPAL, INCL POTATOES - ACRES PLANTED",16103000
2010,YEAR,Tennessee,"FIELD CROP TOTALS, PRINCIPAL, INCL POTATOES - ACRES PLANTED",4762000
2010,YEAR,Texas,"FIELD CROP TOTALS, PRINCIPAL, INCL POTATOES - ACRES PLANTED",21972000
2010,YEAR,Utah,"FIELD CROP TOTALS, PRINCIPAL, INCL POTATOES - ACRES PLANTED",1000000
2010,YEAR,Vermont,"FIELD CROP TOTALS, PRINCIPAL, INCL POTATOES - ACRES PLANTED",287000
2010,YEAR,Virginia,"FIELD CROP TOTALS, PRINCIPAL, INCL POTATOES - ACRES PLANTED",2774000
2010,YEAR,Washington,"FIELD CROP TOTALS, PRINCIPAL, INCL POTATOES - ACRES PLANTED",3681000
2010,YEAR,West Virginia,"FIELD CROP TOTALS, PRINCIPAL, INCL POTATOES - ACRES PLANTED",695000
2010,YEAR,Wisconsin,"FIELD CROP TOTALS, PRINCIPAL, INCL POTATOES - ACRES PLANTED",7864000
2010,YEAR,Wyoming,"FIELD CROP TOTALS, PRINCIPAL, INCL POTATOES - ACRES PLANTED",1619000
2009,YEAR,Alabama,"FIELD CROP TOTALS, PRINCIPAL, INCL POTATOES - ACRES PLANTED",2200000
2009,YEAR,Arizona,"FIELD CROP TOTALS, PRINCIPAL, INCL POTATOES - ACRES PLANTED",730000
2009,YEAR,Arkansas,"FIELD CROP TOTALS, PRINCIPAL, INCL POTATOES - ACRES PLANTED",7741000
2009,YEAR,California,"FIELD CROP TOTALS, PRINCIPAL, INCL POTATOES - ACRES PLANTED",4168000
2009,YEAR,Colorado,"FIELD CROP TOTALS, PRINCIPAL, INCL POTATOES - ACRES PLANTED",6061000
2009,YEAR,Connecticut,"FIELD CROP TOTALS, PRINCIPAL, INCL POTATOES - ACRES PLANTED",90000
2009,YEAR,Delaware,"FIELD CROP TOTALS, PRINCIPAL, INCL POTATOES - ACRES PLANTED",467000
2009,YEAR,Florida,"FIELD CROP TOTALS, PRINCIPAL, INCL POTATOES - ACRES PLANTED",1041000
2009,YEAR,Georgia,"FIELD CROP TOTALS, PRINCIPAL, INCL POTATOES - ACRES PLANTED",3764000
2009,YEAR,Hawaii,"FIELD CROP TOTALS, PRINCIPAL, INCL POTATOES - ACRES PLANTED",22000
2009,YEAR,Idaho,"FIELD CROP TOTALS, PRINCIPAL, INCL POTATOES - ACRES PLANTED",4348000
2009,YEAR,Illinois,"FIELD CROP TOTALS, PRINCIPAL, INCL POTATOES - ACRES PLANTED",22937000
2009,YEAR,Indiana,"FIELD CROP TOTALS, PRINCIPAL, INCL POTATOES - ACRES PLANTED",12155000
2009,YEAR,Iowa,"FIELD CROP TOTALS, PRINCIPAL, INCL POTATOES - ACRES PLANTED",24648000
2009,YEAR,Kansas,"FIELD CROP TOTALS, PRINCIPAL, INCL POTATOES - ACRES PLANTED",22669000
2009,YEAR,Kentucky,"FIELD CROP TOTALS, PRINCIPAL, INCL POTATOES - ACRES PLANTED",5739000
2009,YEAR,Louisiana,"FIELD CROP TOTALS, PRINCIPAL, INCL POTATOES - ACRES PLANTED",3410000
2009,YEAR,Maine,"FIELD CROP TOTALS, PRINCIPAL, INCL POTATOES - ACRES PLANTED",281000
2009,YEAR,Maryland,"FIELD CROP TOTALS, PRINCIPAL, INCL POTATOES - ACRES PLANTED",1467000
2009,YEAR,Massachusetts,"FIELD CROP TOTALS, PRINCIPAL, INCL POTATOES - ACRES PLANTED",102000
2009,YEAR,Michigan,"FIELD CROP TOTALS, PRINCIPAL, INCL POTATOES - ACRES PLANTED",6436000
2009,YEAR,Minnesota,"FIELD CROP TOTALS, PRINCIPAL, INCL POTATOES - ACRES PLANTED",19585000
2009,YEAR,Mississippi,"FIELD CROP TOTALS, PRINCIPAL, INCL POTATOES - ACRES PLANTED",4339000
2009,YEAR,Missouri,"FIELD CROP TOTALS, PRINCIPAL, INCL POTATOES - ACRES PLANTED",13536000
2009,YEAR,Montana,"FIELD CROP TOTALS, PRINCIPAL, INCL POTATOES - ACRES PLANTED",9050000
2009,YEAR,Nebraska,"FIELD CROP TOTALS, PRINCIPAL, INCL POTATOES - ACRES PLANTED",19010000
2009,YEAR,Nevada,"FIELD CROP TOTALS, PRINCIPAL, INCL POTATOES - ACRES PLANTED",515000
2009,YEAR,New Hampshire,"FIELD CROP TOTALS, PRINCIPAL, INCL POTATOES - ACRES PLANTED",72000
2009,YEAR,New Jersey,"FIELD CROP TOTALS, PRINCIPAL, INCL POTATOES - ACRES PLANTED",315000
2009,YEAR,New Mexico,"FIELD CROP TOTALS, PRINCIPAL, INCL POTATOES - ACRES PLANTED",1055000
2009,YEAR,New York,"FIELD CROP TOTALS, PRINCIPAL, INCL POTATOES - ACRES PLANTED",2930000
2009,YEAR,North Carolina,"FIELD CROP TOTALS, PRINCIPAL, INCL POTATOES - ACRES PLANTED",4886000
2009,YEAR,North Dakota,"FIELD CROP TOTALS, PRINCIPAL, INCL POTATOES - ACRES PLANTED",21583000
2009,YEAR,Ohio,"FIELD CROP TOTALS, PRINCIPAL, INCL POTATOES - ACRES PLANTED",9991000
2009,YEAR,Oklahoma,"FIELD CROP TOTALS, PRINCIPAL, INCL POTATOES - ACRES PLANTED",10450000
2009,YEAR,Oregon,"FIELD CROP TOTALS, PRINCIPAL, INCL POTATOES - ACRES PLANTED",2164000
2009,YEAR,Pennsylvania,"FIELD CROP TOTALS, PRINCIPAL, INCL POTATOES - ACRES PLANTED",3718000
2009,YEAR,Rhode Island,"FIELD CROP TOTALS, PRINCIPAL, INCL POTATOES - ACRES PLANTED",10000
2009,YEAR,South Carolina,"FIELD CROP TOTALS, PRINCIPAL, INCL POTATOES - ACRES PLANTED",1664000
2009,YEAR,South Dakota,"FIELD CROP TOTALS, PRINCIPAL, INCL POTATOES - ACRES PLANTED",17401000
2009,YEAR,Tennessee,"FIELD CROP TOTALS, PRINCIPAL, INCL POTATOES - ACRES PLANTED",4887000
2009,YEAR,Texas,"FIELD CROP TOTALS, PRINCIPAL, INCL POTATOES - ACRES PLANTED",22419000
2009,YEAR,Utah,"FIELD CROP TOTALS, PRINCIPAL, INCL POTATOES - ACRES PLANTED",994000
2009,YEAR,Vermont,"FIELD CROP TOTALS, PRINCIPAL, INCL POTATOES - ACRES PLANTED",281000
2009,YEAR,Virginia,"FIELD CROP TOTALS, PRINCIPAL, INCL POTATOES - ACRES PLANTED",2681000
2009,YEAR,Washington,"FIELD CROP TOTALS, PRINCIPAL, INCL POTATOES - ACRES PLANTED",3650000
2009,YEAR,West Virginia,"FIELD CROP TOTALS, PRINCIPAL, INCL POTATOES - ACRES PLANTED",701000
2009,YEAR,Wisconsin,"FIELD CROP TOTALS, PRINCIPAL, INCL POTATOES - ACRES PLANTED",8160000
2009,YEAR,Wyoming,"FIELD CROP TOTALS, PRINCIPAL, INCL POTATOES - ACRES PLANTED",1700000
2008,YEAR,Alabama,"FIELD CROP TOTALS, PRINCIPAL, INCL POTATOES - ACRES PLANTED",2333000
2008,YEAR,Arizona,"FIELD CROP TOTALS, PRINCIPAL, INCL POTATOES - ACRES PLANTED",742000
2008,YEAR,Arkansas,"FIELD CROP TOTALS, PRINCIPAL, INCL POTATOES - ACRES PLANTED",8361000
2008,YEAR,California,"FIELD CROP TOTALS, PRINCIPAL, INCL POTATOES - ACRES PLANTED",4472000
2008,YEAR,Colorado,"FIELD CROP TOTALS, PRINCIPAL, INCL POTATOES - ACRES PLANTED",5972000
2008,YEAR,Connecticut,"FIELD CROP TOTALS, PRINCIPAL, INCL POTATOES - ACRES PLANTED",85000
2008,YEAR,Delaware,"FIELD CROP TOTALS, PRINCIPAL, INCL POTATOES - ACRES PLANTED",485000
2008,YEAR,Florida,"FIELD CROP TOTALS, PRINCIPAL, INCL POTATOES - ACRES PLANTED",1074000
2008,YEAR,Georgia,"FIELD CROP TOTALS, PRINCIPAL, INCL POTATOES - ACRES PLANTED",4006000
2008,YEAR,Hawaii,"FIELD CROP TOTALS, PRINCIPAL, INCL POTATOES - ACRES PLANTED",23000
2008,YEAR,Idaho,"FIELD CROP TOTALS, PRINCIPAL, INCL POTATOES - ACRES PLANTED",4316000
2008,YEAR,Illinois,"FIELD CROP TOTALS, PRINCIPAL, INCL POTATOES - ACRES PLANTED",23251000
2008,YEAR,Indiana,"FIELD CROP TOTALS, PRINCIPAL, INCL POTATOES - ACRES PLANTED",12345000
2008,YEAR,Iowa,"FIELD CROP TOTALS, PRINCIPAL, INCL POTATOES - ACRES PLANTED",24790000
2008,YEAR,Kansas,"FIELD CROP TOTALS, PRINCIPAL, INCL POTATOES - ACRES PLANTED",22964000
2008,YEAR,Kentucky,"FIELD CROP TOTALS, PRINCIPAL, INCL POTATOES - ACRES PLANTED",5929000
2008,YEAR,Louisiana,"FIELD CROP TOTALS, PRINCIPAL, INCL POTATOES - ACRES PLANTED",3695000
2008,YEAR,Maine,"FIELD CROP TOTALS, PRINCIPAL, INCL POTATOES - ACRES PLANTED",275000
2008,YEAR,Maryland,"FIELD CROP TOTALS, PRINCIPAL, INCL POTATOES - ACRES PLANTED",1463000
2008,YEAR,Massachusetts,"FIELD CROP TOTALS, PRINCIPAL, INCL POTATOES - ACRES PLANTED",95000
2008,YEAR,Michigan,"FIELD CROP TOTALS, PRINCIPAL, INCL POTATOES - ACRES PLANTED",6517000
2008,YEAR,Minnesota,"FIELD CROP TOTALS, PRINCIPAL, INCL POTATOES - ACRES PLANTED",19778000
2008,YEAR,Mississippi,"FIELD CROP TOTALS, PRINCIPAL, INCL POTATOES - ACRES PLANTED",4662000
2008,YEAR,Missouri,"FIELD CROP TOTALS, PRINCIPAL, INCL POTATOES - ACRES PLANTED",14100000
2008,YEAR,Montana,"FIELD CROP TOTALS, PRINCIPAL, INCL POTATOES - ACRES PLANTED",9209000
2008,YEAR,Nebraska,"FIELD CROP TOTALS, PRINCIPAL, INCL POTATOES - ACRES PLANTED",18789000
2008,YEAR,Nevada,"FIELD CROP TOTALS, PRINCIPAL, INCL POTATOES - ACRES PLANTED",490000
2008,YEAR,New Hampshire,"FIELD CROP TOTALS, PRINCIPAL, INCL POTATOES - ACRES PLANTED",68000
2008,YEAR,New Jersey,"FIELD CROP TOTALS, PRINCIPAL, INCL POTATOES - ACRES PLANTED",336000
2008,YEAR,New Mexico,"FIELD CROP TOTALS, PRINCIPAL, INCL POTATOES - ACRES PLANTED",1104000
2008,YEAR,New York,"FIELD CROP TOTALS, PRINCIPAL, INCL POTATOES - ACRES PLANTED",2908000
2008,YEAR,North Carolina,"FIELD CROP TOTALS, PRINCIPAL, INCL POTATOES - ACRES PLANTED",5068000
2008,YEAR,North Dakota,"FIELD CROP TOTALS, PRINCIPAL, INCL POTATOES - ACRES PLANTED",23685000
2008,YEAR,Ohio,"FIELD CROP TOTALS, PRINCIPAL, INCL POTATOES - ACRES PLANTED",10147000
2008,YEAR,Oklahoma,"FIELD CROP TOTALS, PRINCIPAL, INCL POTATOES - ACRES PLANTED",10259000
2008,YEAR,Oregon,"FIELD CROP TOTALS, PRINCIPAL, INCL POTATOES - ACRES PLANTED",2184000
2008,YEAR,Pennsylvania,"FIELD CROP TOTALS, PRINCIPAL, INCL POTATOES - ACRES PLANTED",3924000
2008,YEAR,Rhode Island,"FIELD CROP TOTALS, PRINCIPAL, INCL POTATOES - ACRES PLANTED",10000
2008,YEAR,South Carolina,"FIELD CROP TOTALS, PRINCIPAL, INCL POTATOES - ACRES PLANTED",1725000
2008,YEAR,South Dakota,"FIELD CROP TOTALS, PRINCIPAL, INCL POTATOES - ACRES PLANTED",17533000
2008,YEAR,Tennessee,"FIELD CROP TOTALS, PRINCIPAL, INCL POTATOES - ACRES PLANTED",5033000
2008,YEAR,Texas,"FIELD CROP TOTALS, PRINCIPAL, INCL POTATOES - ACRES PLANTED",22488000
2008,YEAR,Utah,"FIELD CROP TOTALS, PRINCIPAL, INCL POTATOES - ACRES PLANTED",996000
2008,YEAR,Vermont,"FIELD CROP TOTALS, PRINCIPAL, INCL POTATOES - ACRES PLANTED",274000
2008,YEAR,Virginia,"FIELD CROP TOTALS, PRINCIPAL, INCL POTATOES - ACRES PLANTED",2820000
2008,YEAR,Washington,"FIELD CROP TOTALS, PRINCIPAL, INCL POTATOES - ACRES PLANTED",3647000
2008,YEAR,West Virginia,"FIELD CROP TOTALS, PRINCIPAL, INCL POTATOES - ACRES PLANTED",678000
2008,YEAR,Wisconsin,"FIELD CROP TOTALS, PRINCIPAL, INCL POTATOES - ACRES PLANTED",8066000
2008,YEAR,Wyoming,"FIELD CROP TOTALS, PRINCIPAL, INCL POTATOES - ACRES PLANTED",1469000
2007,YEAR,Alabama,"FIELD CROP TOTALS, PRINCIPAL, INCL POTATOES - ACRES PLANTED",2108000
2007,YEAR,Arizona,"FIELD CROP TOTALS, PRINCIPAL, INCL POTATOES - ACRES PLANTED",691000
2007,YEAR,Arkansas,"FIELD CROP TOTALS, PRINCIPAL, INCL POTATOES - ACRES PLANTED",8161000
2007,YEAR,California,"FIELD CROP TOTALS, PRINCIPAL, INCL POTATOES - ACRES PLANTED",4325000
2007,YEAR,Colorado,"FIELD CROP TOTALS, PRINCIPAL, INCL POTATOES - ACRES PLANTED",6176000
2007,YEAR,Connecticut,"FIELD CROP TOTALS, PRINCIPAL, INCL POTATOES - ACRES PLANTED",90000
2007,YEAR,Delaware,"FIELD CROP TOTALS, PRINCIPAL, INCL POTATOES - ACRES PLANTED",450000
2007,YEAR,Florida,"FIELD CROP TOTALS, PRINCIPAL, INCL POTATOES - ACRES PLANTED",1053000
2007,YEAR,Georgia,"FIELD CROP TOTALS, PRINCIPAL, INCL POTATOES - ACRES PLANTED",3779000
2007,YEAR,Hawaii,"FIELD CROP TOTALS, PRINCIPAL, INCL POTATOES - ACRES PLANTED",23000
2007,YEAR,Idaho,"FIELD CROP TOTALS, PRINCIPAL, INCL POTATOES - ACRES PLANTED",4254000
2007,YEAR,Illinois,"FIELD CROP TOTALS, PRINCIPAL, INCL POTATOES - ACRES PLANTED",23301000
2007,YEAR,Indiana,"FIELD CROP TOTALS, PRINCIPAL, INCL POTATOES - ACRES PLANTED",12355000
2007,YEAR,Iowa,"FIELD CROP TOTALS, PRINCIPAL, INCL POTATOES - ACRES PLANTED",24410000
2007,YEAR,Kansas,"FIELD CROP TOTALS, PRINCIPAL, INCL POTATOES - ACRES PLANTED",22991000
2007,YEAR,Kentucky,"FIELD CROP TOTALS, PRINCIPAL, INCL POTATOES - ACRES PLANTED",5794000
2007,YEAR,Louisiana,"FIELD CROP TOTALS, PRINCIPAL, INCL POTATOES - ACRES PLANTED",3395000
2007,YEAR,Maine,"FIELD CROP TOTALS, PRINCIPAL, INCL POTATOES - ACRES PLANTED",276000
2007,YEAR,Maryland,"FIELD CROP TOTALS, PRINCIPAL, INCL POTATOES - ACRES PLANTED",1428000
2007,YEAR,Massachusetts,"FIELD CROP TOTALS, PRINCIPAL, INCL POTATOES - ACRES PLANTED",101000
2007,YEAR,Michigan,"FIELD CROP TOTALS, PRINCIPAL, INCL POTATOES - ACRES PLANTED",6527000
2007,YEAR,Minnesota,"FIELD CROP TOTALS, PRINCIPAL, INCL POTATOES - ACRES PLANTED",19565000
2007,YEAR,Mississippi,"FIELD CROP TOTALS, PRINCIPAL, INCL POTATOES - ACRES PLANTED",4574000
2007,YEAR,Missouri,"FIELD CROP TOTALS, PRINCIPAL, INCL POTATOES - ACRES PLANTED",13953000
2007,YEAR,Montana,"FIELD CROP TOTALS, PRINCIPAL, INCL POTATOES - ACRES PLANTED",8915000
2007,YEAR,Nebraska,"FIELD CROP TOTALS, PRINCIPAL, INCL POTATOES - ACRES PLANTED",18813000
2007,YEAR,Nevada,"FIELD CROP TOTALS, PRINCIPAL, INCL POTATOES - ACRES PLANTED",498000
2007,YEAR,New Hampshire,"FIELD CROP TOTALS, PRINCIPAL, INCL POTATOES - ACRES PLANTED",69000
2007,YEAR,New Jersey,"FIELD CROP TOTALS, PRINCIPAL, INCL POTATOES - ACRES PLANTED",328000
2007,YEAR,New Mexico,"FIELD CROP TOTALS, PRINCIPAL, INCL POTATOES - ACRES PLANTED",1152000
2007,YEAR,New York,"FIELD CROP TOTALS, PRINCIPAL, INCL POTATOES - ACRES PLANTED",2874000
2007,YEAR,North Carolina,"FIELD CROP TOTALS, PRINCIPAL, INCL POTATOES - ACRES PLANTED",4721000
2007,YEAR,North Dakota,"FIELD CROP TOTALS, PRINCIPAL, INCL POTATOES - ACRES PLANTED",22059000
2007,YEAR,Ohio,"FIELD CROP TOTALS, PRINCIPAL, INCL POTATOES - ACRES PLANTED",10166000
2007,YEAR,Oklahoma,"FIELD CROP TOTALS, PRINCIPAL, INCL POTATOES - ACRES PLANTED",10363000
2007,YEAR,Oregon,"FIELD CROP TOTALS, PRINCIPAL, INCL POTATOES - ACRES PLANTED",2104000
2007,YEAR,Pennsylvania,"FIELD CROP TOTALS, PRINCIPAL, INCL POTATOES - ACRES PLANTED",4038000
2007,YEAR,Rhode Island,"FIELD CROP TOTALS, PRINCIPAL, INCL POTATOES - ACRES PLANTED",11000
2007,YEAR,South Carolina,"FIELD CROP TOTALS, PRINCIPAL, INCL POTATOES - ACRES PLANTED",1652000
2007,YEAR,South Dakota,"FIELD CROP TOTALS, PRINCIPAL, INCL POTATOES - ACRES PLANTED",16637000
2007,YEAR,Tennessee,"FIELD CROP TOTALS, PRINCIPAL, INCL POTATOES - ACRES PLANTED",4688000
2007,YEAR,Texas,"FIELD CROP TOTALS, PRINCIPAL, INCL POTATOES - ACRES PLANTED",22629000
2007,YEAR,Utah,"FIELD CROP TOTALS, PRINCIPAL, INCL POTATOES - ACRES PLANTED",991000
2007,YEAR,Vermont,"FIELD CROP TOTALS, PRINCIPAL, INCL POTATOES - ACRES PLANTED",282000
2007,YEAR,Virginia,"FIELD CROP TOTALS, PRINCIPAL, INCL POTATOES - ACRES PLANTED",2742000
2007,YEAR,Washington,"FIELD CROP TOTALS, PRINCIPAL, INCL POTATOES - ACRES PLANTED",3642000
2007,YEAR,West Virginia,"FIELD CROP TOTALS, PRINCIPAL, INCL POTATOES - ACRES PLANTED",671000
2007,YEAR,Wisconsin,"FIELD CROP TOTALS, PRINCIPAL, INCL POTATOES - ACRES PLANTED",8100000
2007,YEAR,Wyoming,"FIELD CROP TOTALS, PRINCIPAL, INCL POTATOES - ACRES PLANTED",1519000
2006,YEAR,Alabama,"FIELD CROP TOTALS, PRINCIPAL, INCL POTATOES - ACRES PLANTED",1982000
2006,YEAR,Arizona,"FIELD CROP TOTALS, PRINCIPAL, INCL POTATOES - ACRES PLANTED",674000
2006,YEAR,Arkansas,"FIELD CROP TOTALS, PRINCIPAL, INCL POTATOES - ACRES PLANTED",7769000
2006,YEAR,California,"FIELD CROP TOTALS, PRINCIPAL, INCL POTATOES - ACRES PLANTED",4348000
2006,YEAR,Colorado,"FIELD CROP TOTALS, PRINCIPAL, INCL POTATOES - ACRES PLANTED",5671000
2006,YEAR,Connecticut,"FIELD CROP TOTALS, PRINCIPAL, INCL POTATOES - ACRES PLANTED",92000
2006,YEAR,Delaware,"FIELD CROP TOTALS, PRINCIPAL, INCL POTATOES - ACRES PLANTED",442000
2006,YEAR,Florida,"FIELD CROP TOTALS, PRINCIPAL, INCL POTATOES - ACRES PLANTED",1038000
2006,YEAR,Georgia,"FIELD CROP TOTALS, PRINCIPAL, INCL POTATOES - ACRES PLANTED",3652000
2006,YEAR,Hawaii,"FIELD CROP TOTALS, PRINCIPAL, INCL POTATOES - ACRES PLANTED",22000
2006,YEAR,Idaho,"FIELD CROP TOTALS, PRINCIPAL, INCL POTATOES - ACRES PLANTED",4243000
2006,YEAR,Illinois,"FIELD CROP TOTALS, PRINCIPAL, INCL POTATOES - ACRES PLANTED",23202000
2006,YEAR,Indiana,"FIELD CROP TOTALS, PRINCIPAL, INCL POTATOES - ACRES PLANTED",12325000
2006,YEAR,Iowa,"FIELD CROP TOTALS, PRINCIPAL, INCL POTATOES - ACRES PLANTED",24455000
2006,YEAR,Kansas,"FIELD CROP TOTALS, PRINCIPAL, INCL POTATOES - ACRES PLANTED",22506000
2006,YEAR,Kentucky,"FIELD CROP TOTALS, PRINCIPAL, INCL POTATOES - ACRES PLANTED",5526000
2006,YEAR,Louisiana,"FIELD CROP TOTALS, PRINCIPAL, INCL POTATOES - ACRES PLANTED",3185000
2006,YEAR,Maine,"FIELD CROP TOTALS, PRINCIPAL, INCL POTATOES - ACRES PLANTED",272000
2006,YEAR,Maryland,"FIELD CROP TOTALS, PRINCIPAL, INCL POTATOES - ACRES PLANTED",1429000
2006,YEAR,Massachusetts,"FIELD CROP TOTALS, PRINCIPAL, INCL POTATOES - ACRES PLANTED",100000
2006,YEAR,Michigan,"FIELD CROP TOTALS, PRINCIPAL, INCL POTATOES - ACRES PLANTED",6499000
2006,YEAR,Minnesota,"FIELD CROP TOTALS, PRINCIPAL, INCL POTATOES - ACRES PLANTED",19684000
2006,YEAR,Mississippi,"FIELD CROP TOTALS, PRINCIPAL, INCL POTATOES - ACRES PLANTED",4327000
2006,YEAR,Missouri,"FIELD CROP TOTALS, PRINCIPAL, INCL POTATOES - ACRES PLANTED",13855000
2006,YEAR,Montana,"FIELD CROP TOTALS, PRINCIPAL, INCL POTATOES - ACRES PLANTED",8559000
2006,YEAR,Nebraska,"FIELD CROP TOTALS, PRINCIPAL, INCL POTATOES - ACRES PLANTED",18639000
2006,YEAR,Nevada,"FIELD CROP TOTALS, PRINCIPAL, INCL POTATOES - ACRES PLANTED",508000
2006,YEAR,New Hampshire,"FIELD CROP TOTALS, PRINCIPAL, INCL POTATOES - ACRES PLANTED",70000
2006,YEAR,New Jersey,"FIELD CROP TOTALS, PRINCIPAL, INCL POTATOES - ACRES PLANTED",314000
2006,YEAR,New Mexico,"FIELD CROP TOTALS, PRINCIPAL, INCL POTATOES - ACRES PLANTED",1088000
2006,YEAR,New York,"FIELD CROP TOTALS, PRINCIPAL, INCL POTATOES - ACRES PLANTED",2917000
2006,YEAR,North Carolina,"FIELD CROP TOTALS, PRINCIPAL, INCL POTATOES - ACRES PLANTED",4643000
2006,YEAR,North Dakota,"FIELD CROP TOTALS, PRINCIPAL, INCL POTATOES - ACRES PLANTED",21501000
2006,YEAR,Ohio,"FIELD CROP TOTALS, PRINCIPAL, INCL POTATOES - ACRES PLANTED",10082000
2006,YEAR,Oklahoma,"FIELD CROP TOTALS, PRINCIPAL, INCL POTATOES - ACRES PLANTED",10398000
2006,YEAR,Oregon,"FIELD CROP TOTALS, PRINCIPAL, INCL POTATOES - ACRES PLANTED",2134000
2006,YEAR,Pennsylvania,"FIELD CROP TOTALS, PRINCIPAL, INCL POTATOES - ACRES PLANTED",3912000
2006,YEAR,Rhode Island,"FIELD CROP TOTALS, PRINCIPAL, INCL POTATOES - ACRES PLANTED",10000
2006,YEAR,South Carolina,"FIELD CROP TOTALS, PRINCIPAL, INCL POTATOES - ACRES PLANTED",1626000
2006,YEAR,South Dakota,"FIELD CROP TOTALS, PRINCIPAL, INCL POTATOES - ACRES PLANTED",16222000
2006,YEAR,Tennessee,"FIELD CROP TOTALS, PRINCIPAL, INCL POTATOES - ACRES PLANTED",4554000
2006,YEAR,Texas,"FIELD CROP TOTALS, PRINCIPAL, INCL POTATOES - ACRES PLANTED",22315000
2006,YEAR,Utah,"FIELD CROP TOTALS, PRINCIPAL, INCL POTATOES - ACRES PLANTED",1007000
2006,YEAR,Vermont,"FIELD CROP TOTALS, PRINCIPAL, INCL POTATOES - ACRES PLANTED",290000
2006,YEAR,Virginia,"FIELD CROP TOTALS, PRINCIPAL, INCL POTATOES - ACRES PLANTED",2642000
2006,YEAR,Washington,"FIELD CROP TOTALS, PRINCIPAL, INCL POTATOES - ACRES PLANTED",3639000
2006,YEAR,West Virginia,"FIELD CROP TOTALS, PRINCIPAL, INCL POTATOES - ACRES PLANTED",660000
2006,YEAR,Wisconsin,"FIELD CROP TOTALS, PRINCIPAL, INCL POTATOES - ACRES PLANTED",8143000
2006,YEAR,Wyoming,"FIELD CROP TOTALS, PRINCIPAL, INCL POTATOES - ACRES PLANTED",1483000
2005,YEAR,Alabama,"FIELD CROP TOTALS, PRINCIPAL, INCL POTATOES - ACRES PLANTED",2037000
2005,YEAR,Arizona,"FIELD CROP TOTALS, PRINCIPAL, INCL POTATOES - ACRES PLANTED",730000
2005,YEAR,Arkansas,"FIELD CROP TOTALS, PRINCIPAL, INCL POTATOES - ACRES PLANTED",7559000
2005,YEAR,California,"FIELD CROP TOTALS, PRINCIPAL, INCL POTATOES - ACRES PLANTED",4485000
2005,YEAR,Colorado,"FIELD CROP TOTALS, PRINCIPAL, INCL POTATOES - ACRES PLANTED",6203000
2005,YEAR,Connecticut,"FIELD CROP TOTALS, PRINCIPAL, INCL POTATOES - ACRES PLANTED",93000
2005,YEAR,Delaware,"FIELD CROP TOTALS, PRINCIPAL, INCL POTATOES - ACRES PLANTED",443000
2005,YEAR,Florida,"FIELD CROP TOTALS, PRINCIPAL, INCL POTATOES - ACRES PLANTED",1061000
2005,YEAR,Georgia,"FIELD CROP TOTALS, PRINCIPAL, INCL POTATOES - ACRES PLANTED",3656000
2005,YEAR,Hawaii,"FIELD CROP TOTALS, PRINCIPAL, INCL POTATOES - ACRES PLANTED",24000
2005,YEAR,Idaho,"FIELD CROP TOTALS, PRINCIPAL, INCL POTATOES - ACRES PLANTED",4179000
2005,YEAR,Illinois,"FIELD CROP TOTALS, PRINCIPAL, INCL POTATOES - ACRES PLANTED",23111000
2005,YEAR,Indiana,"FIELD CROP TOTALS, PRINCIPAL, INCL POTATOES - ACRES PLANTED",12330000
2005,YEAR,Iowa,"FIELD CROP TOTALS, PRINCIPAL, INCL POTATOES - ACRES PLANTED",24680000
2005,YEAR,Kansas,"FIELD CROP TOTALS, PRINCIPAL, INCL POTATOES - ACRES PLANTED",22711000
2005,YEAR,Kentucky,"FIELD CROP TOTALS, PRINCIPAL, INCL POTATOES - ACRES PLANTED",5415000
2005,YEAR,Louisiana,"FIELD CROP TOTALS, PRINCIPAL, INCL POTATOES - ACRES PLANTED",3365000
2005,YEAR,Maine,"FIELD CROP TOTALS, PRINCIPAL, INCL POTATOES - ACRES PLANTED",290000
2005,YEAR,Maryland,"FIELD CROP TOTALS, PRINCIPAL, INCL POTATOES - ACRES PLANTED",1345000
2005,YEAR,Massachusetts,"FIELD CROP TOTALS, PRINCIPAL, INCL POTATOES - ACRES PLANTED",109000
2005,YEAR,Michigan,"FIELD CROP TOTALS, PRINCIPAL, INCL POTATOES - ACRES PLANTED",6537000
2005,YEAR,Minnesota,"FIELD CROP TOTALS, PRINCIPAL, INCL POTATOES - ACRES PLANTED",19379000
2005,YEAR,Mississippi,"FIELD CROP TOTALS, PRINCIPAL, INCL POTATOES - ACRES PLANTED",4305000
2005,YEAR,Missouri,"FIELD CROP TOTALS, PRINCIPAL, INCL POTATOES - ACRES PLANTED",13444000
2005,YEAR,Montana,"FIELD CROP TOTALS, PRINCIPAL, INCL POTATOES - ACRES PLANTED",9495000
2005,YEAR,Nebraska,"FIELD CROP TOTALS, PRINCIPAL, INCL POTATOES - ACRES PLANTED",18867000
2005,YEAR,Nevada,"FIELD CROP TOTALS, PRINCIPAL, INCL POTATOES - ACRES PLANTED",479000
2005,YEAR,New Hampshire,"FIELD CROP TOTALS, PRINCIPAL, INCL POTATOES - ACRES PLANTED",74000
2005,YEAR,New Jersey,"FIELD CROP TOTALS, PRINCIPAL, INCL POTATOES - ACRES PLANTED",323000
2005,YEAR,New Mexico,"FIELD CROP TOTALS, PRINCIPAL, INCL POTATOES - ACRES PLANTED",1138000
2005,YEAR,New York,"FIELD CROP TOTALS, PRINCIPAL, INCL POTATOES - ACRES PLANTED",3088000
2005,YEAR,North Carolina,"FIELD CROP TOTALS, PRINCIPAL, INCL POTATOES - ACRES PLANTED",4635000
2005,YEAR,North Dakota,"FIELD CROP TOTALS, PRINCIPAL, INCL POTATOES - ACRES PLANTED",21317000
2005,YEAR,Ohio,"FIELD CROP TOTALS, PRINCIPAL, INCL POTATOES - ACRES PLANTED",10103000
2005,YEAR,Oklahoma,"FIELD CROP TOTALS, PRINCIPAL, INCL POTATOES - ACRES PLANTED",10150000
2005,YEAR,Oregon,"FIELD CROP TOTALS, PRINCIPAL, INCL POTATOES - ACRES PLANTED",2154000
2005,YEAR,Pennsylvania,"FIELD CROP TOTALS, PRINCIPAL, INCL POTATOES - ACRES PLANTED",3753000
2005,YEAR,Rhode Island,"FIELD CROP TOTALS, PRINCIPAL, INCL POTATOES - ACRES PLANTED",12000
2005,YEAR,South Carolina,"FIELD CROP TOTALS, PRINCIPAL, INCL POTATOES - ACRES PLANTED",1583000
2005,YEAR,South Dakota,"FIELD CROP TOTALS, PRINCIPAL, INCL POTATOES - ACRES PLANTED",16998000
2005,YEAR,Tennessee,"FIELD CROP TOTALS, PRINCIPAL, INCL POTATOES - ACRES PLANTED",4590000
2005,YEAR,Texas,"FIELD CROP TOTALS, PRINCIPAL, INCL POTATOES - ACRES PLANTED",22265000
2005,YEAR,Utah,"FIELD CROP TOTALS, PRINCIPAL, INCL POTATOES - ACRES PLANTED",1013000
2005,YEAR,Vermont,"FIELD CROP TOTALS, PRINCIPAL, INCL POTATOES - ACRES PLANTED",315000
2005,YEAR,Virginia,"FIELD CROP TOTALS, PRINCIPAL, INCL POTATOES - ACRES PLANTED",2732000
2005,YEAR,Washington,"FIELD CROP TOTALS, PRINCIPAL, INCL POTATOES - ACRES PLANTED",3615000
2005,YEAR,West Virginia,"FIELD CROP TOTALS, PRINCIPAL, INCL POTATOES - ACRES PLANTED",645000
2005,YEAR,Wisconsin,"FIELD CROP TOTALS, PRINCIPAL, INCL POTATOES - ACRES PLANTED",8197000
2005,YEAR,Wyoming,"FIELD CROP TOTALS, PRINCIPAL, INCL POTATOES - ACRES PLANTED",1589000